run_id,label,fault_onset,severity,voltage,load_torque,friction,ambient
1,0,2.62407456176975,1,22.9963209507789,0.050817143353838,0.000113919636508684,28.9798772629555
2,0,4.5273488486792,1,22.5545091007233,0.0508014872092193,0.000127036428816253,28.6015683218493
3,0,3.38781280758491,1,23.1853495487275,0.0408974944705102,0.000125191336984766,25.1951899154894
4,0,5.68339139126275,1,26.088191927544,0.043029287719154,7.78746926609432e-05,20.4878926923688
5,0,4.40237733344247,1,24.430417925699,0.0353325834557926,9.3818891024457e-05,26.7080381075725
6,0,2.95518484552616,1,21.6390501932057,0.049067921875649,0.000122774911297092,33.0586763756901
7,0,5.45419009005818,1,21.1903677552409,0.0391042145215694,0.000128859242689761,27.2511115395972
8,0,2.9216666484694,1,27.7846253037787,0.0334270079499921,8.82519231781769e-05,24.5591376838254
9,0,4.0720322656185,1,24.6697087018509,0.046767039451791,0.00011510481954375,32.0450310793676
10,0,5.0281924587945,1,26.0309446616793,0.0418693867046581,0.000124261586499631,32.2611177095916
11,0,3.01792532647304,1,20.9457489783287,0.0280007372522892,0.000112728222752836,25.3489426397931
12,0,5.58954286985486,1,22.2977696736412,0.0491140576550642,7.29532548724457e-05,23.4662127931174
13,0,4.65324283801601,1,20.0075473221411,0.0289423612395678,0.000128637029390616,23.6353054270514
14,0,4.27682585251771,1,27.7357481169465,0.0417087804151099,0.000121805894667363,22.0917535430774
15,0,4.51873438103681,1,23.0265248573221,0.0301215272115222,9.05335314867343e-05,34.7207500136192
16,0,2.48548769819448,1,21.5230542903763,0.0368013258062512,7.63483014913908e-05,29.4230989563957
17,0,2.3416099371635,1,25.1149984043422,0.0361119707446838,0.00012441199464039,28.8105480286337
18,0,3.93518758633119,1,23.8966603545886,0.0490780592255763,0.000101635308997041,33.9480572344082
19,0,3.33657208953545,1,23.0682760994718,0.0480788850488238,0.000109047299250814,29.2125327547834
20,0,4.19848920442414,1,25.1777782671828,0.0290744413285237,7.32428576409836e-05,26.8584562942932
21,0,4.57769267851927,1,21.5148870063349,0.0465117554372044,0.000120486385597375,29.2654187928289
22,0,3.70636760421757,1,25.7886456035198,0.0473432830881029,8.73698719071832e-05,29.9618860892503
23,0,5.44861183317249,1,23.8052402473993,0.0424673807744022,0.00012915949433024,34.0664683897734
24,0,4.37262398210854,1,23.5268409016201,0.043221834183461,0.000116468645156559,20.5068372642237
25,0,4.66762154673684,1,21.32960429447,0.036387378868783,0.00011450838851477,31.350573651672
26,0,5.99005498264758,1,22.9202024323106,0.0497073742547509,0.000100193700723167,26.9717630890625
27,0,2.03525933317789,1,25.654122254893,0.0453384021525379,7.51026172783643e-05,23.299866903454
28,0,3.55850406943204,1,22.6167320480131,0.0397134437504719,0.00012646842010875,23.4072363325542
29,0,5.14312860157502,1,21.9118927020454,0.0329563159583148,0.000128189247114462,20.3750616927589
30,0,4.17557478597056,1,22.4741510303375,0.0400575646682449,9.03207762674219e-05,31.3551780162104
31,0,2.02435012390236,1,24.9152800745373,0.0499178948677196,8.39181071294672e-05,21.8170786077335
32,0,3.87226184170492,1,22.6737223469661,0.0329893204985199,0.000118019491564389,29.3677702304652
33,0,2.67157076722005,1,20.1715189329849,0.0457276636141154,0.000127527198636425,32.9340759402941
34,0,2.71741343705821,1,26.7961413295414,0.0482480410100666,0.000100737084583013,31.8415759822318
35,0,5.89843684345297,1,27.7512137369123,0.0446705826790415,0.000113150315370528,28.440530080566
36,0,5.5411313163876,1,20.3981375727086,0.0405786769894469,7.19701257450327e-05,27.0261431753654
37,0,4.95820459493997,1,20.2612402767536,0.0296635902729116,8.5454063538971e-05,28.1584763106972
38,0,3.95262382434924,1,24.4271395218381,0.0434629157566667,8.01176926531057e-05,34.6434688505146
39,0,5.11682045895553,1,25.701289805174,0.0500270950266563,0.000110005363678443,27.0737389414135
40,0,4.1681679382158,1,22.4175282154244,0.0296124447165736,8.51624715825475e-05,22.967819745165
41,0,2.1926031566928,1,20.8451427909619,0.0515624164287512,0.000113857702489667,32.7578316440746
42,0,3.12524188188297,1,26.8058454766883,0.0350708391924377,7.04524655629599e-05,24.4498576417709
43,0,4.81594368745865,1,23.0367491505795,0.0433270095784582,7.96644506841681e-05,34.7067334795459
44,0,5.51699617231114,1,21.6663817846775,0.04496792712713,8.70652194342275e-05,24.0087046260658
45,0,5.32688448111967,1,20.7943467703744,0.044842114534204,9.20841823130379e-05,30.0700104665451
46,0,3.1787599417575,1,27.3203610091572,0.0352926751357293,0.000114512011605196,30.7100406278527
47,0,5.98020701310002,1,20.0349894328078,0.0512856414982725,0.000126609953782236,27.254755687642
48,0,3.60357327306651,1,26.8200019510358,0.0347696229890626,0.000123103225181798,25.9885875450377
49,0,5.92987538314678,1,25.8468141854837,0.0321486525997294,0.000106228046080731,27.94587420213
50,0,4.15741766402759,1,27.2923923864414,0.0358228370549064,7.94003280608511e-05,30.630984988473
51,0,4.20658694439219,1,26.1981136778579,0.0387643769732376,0.000101864081189342,33.507732386947
52,0,5.32996948022458,1,23.2892531036425,0.0336239630071842,0.000100854826856972,31.9619673555893
53,0,5.2697980579052,1,26.9342622969253,0.0410618709036067,7.23433707289864e-05,26.9671421857601
54,0,5.94192700228641,1,21.3689793758445,0.0499255013401433,0.000110897649901587,30.4885849165333
55,0,5.53569016784505,1,25.3960302301299,0.0391835627689156,0.000106324008025031,21.4124571327924
56,0,3.31414046638482,1,23.9960141599916,0.0387265128967621,0.000115661236252927,30.6195726145982
57,0,3.82986796921164,1,24.9445814377733,0.0483673215508734,7.12502095757249e-05,20.9935925313253
58,0,3.17537167503866,1,20.7646029883082,0.0329749754462597,9.0883137219456e-05,28.1157683424587
59,0,3.8242709215892,1,24.9092864592746,0.0388071670298499,8.93127790531672e-05,21.1597818928671
60,0,3.7901859256569,1,26.9307314868031,0.0454033456623,8.27922569656569e-05,29.226400488116
61,0,3.10795912713954,1,25.2618966318998,0.0463911610722942,0.00010434514383793,33.3912350678053
62,0,2.91025064471474,1,21.939011677194,0.0370422242398276,0.000102438594877141,23.4585032335862
63,0,2.66609545172355,1,27.002092861264,0.051867461864983,0.000101080267141435,21.3989329686339
64,0,5.73850693011031,1,23.0365442285594,0.0457493530023833,7.18241740647189e-05,30.4225567194547
65,0,5.47032012317614,1,24.193997850735,0.0371715032053304,7.45982725092747e-05,28.946683842618
66,0,5.45154643299794,1,22.6515045521169,0.0420494130648795,9.02704371444909e-05,25.8942745378834
67,0,4.0002850026952,1,27.0760166498119,0.0361278867096753,0.000111931553831794,24.3589124074941
68,0,3.30578210056333,1,26.5675772596397,0.0319115223099813,0.000116814002029108,30.1257593471955
69,0,3.23176503818341,1,27.3225375411144,0.0421018234634385,7.16569825662958e-05,34.4445893861407
70,0,4.23219296498307,1,21.4169647655928,0.0315575860536674,0.000104439065222507,25.4977153052851
71,0,4.24453222543569,1,25.6317469344349,0.0448038909955185,0.000124945166360894,25.2341453299648
72,0,3.54625788677118,1,27.1909932850112,0.0342452543757966,0.000107726387155084,20.6350767051773
73,0,3.21085866009508,1,26.728455488246,0.0455278821214257,9.77714066929284e-05,33.6383413565622
74,0,5.58490709511341,1,25.1701817441273,0.0475096925116054,0.000101291670313262,30.7695666011154
75,0,5.92487975489543,1,27.2861939530988,0.0346229998180812,8.34572221895776e-05,32.2396499841448
76,0,5.36369304585384,1,27.3047054244155,0.0488318421446535,0.00012371151997103,20.9427994052447
77,0,3.57715480584169,1,21.7208550463583,0.0282244633214843,8.77634146858913e-05,27.1605103076989
78,0,4.64943432755539,1,20.950275370595,0.0347069237276831,0.000111158881557595,21.1660195287224
79,0,3.91738308545336,1,21.3767413914435,0.0479421550085622,0.000106728378073793,29.0707341223096
80,0,4.0164357107984,1,26.6175431166704,0.0315618172900711,9.60703718569504e-05,33.9909960681718
81,0,4.49098645718091,1,20.6960375236888,0.0308286758170781,7.31090877080747e-05,27.983426461354
82,0,4.5649045742177,1,20.8056057410039,0.0385815261661239,7.13424907462947e-05,31.5634733207922
83,0,5.49281775909074,1,20.3172603116463,0.0498026644661778,7.96299471312449e-05,30.4597750908115
84,0,5.46580868690501,1,23.7229929499893,0.038580983588883,0.000107505891305867,22.5531175825725
85,0,4.62870774337987,1,25.2518238706419,0.0296237450183568,0.000116877288487795,27.6876096512905
86,0,2.93780203104516,1,24.9652178958351,0.0499635101765944,7.09501606627675e-05,23.1885973725984
87,0,5.08367843727158,1,22.0795143210743,0.0486104284327362,0.00011868017343162,31.8378453330596
88,0,4.14578082140614,1,27.6017088591562,0.0281058432155274,8.90245018825814e-05,32.5606704419784
89,0,2.52741520702666,1,22.1671617886068,0.0380552427433875,9.1875675359535e-05,25.2300913575448
90,0,4.91773556045657,1,25.2804379286326,0.0503337973498188,7.4470148141091e-05,26.2353234151495
91,0,5.66345228933998,1,21.3337887444724,0.0467088500462391,0.000129396657268655,24.1846243068871
92,0,3.34849169010242,1,22.1821252736802,0.0299896471389774,7.1668959735864e-05,27.8888273910601
93,0,2.38035151349415,1,23.7401358302458,0.0298866237646315,0.0001031161628348,21.322979801811
94,0,4.28641318094426,1,26.7298407648806,0.032760726549762,8.9013347143729e-05,27.7532101096052
95,0,5.51532064039595,1,20.3222559082572,0.0285243375253511,0.000102063303010816,34.9576310565015
96,0,3.41787395477705,1,24.0674767009622,0.0397284290749286,0.000115780358381574,32.9851082353167
97,0,3.96267887476686,1,22.8190343304475,0.0305304182328193,8.72061376339316e-05,22.7217202132082
98,0,4.80018189831804,1,27.6652333196353,0.0457646660591108,7.50430139358281e-05,26.2286070316809
99,0,2.76052916206521,1,21.171193456689,0.0290642385727086,7.20779690838215e-05,24.0107637865395
100,0,4.48061645198862,1,24.8574017626321,0.0442306428599696,0.00012977175474249,30.2403794047508
101,0,5.11332375305248,1,22.9568511217938,0.0345524781144693,7.24446302703519e-05,24.5087206040846
102,0,3.85723606723198,1,23.9143822519302,0.0316624789842229,0.000104197426793025,23.9485570815433
103,0,2.71998539026348,1,27.6272591247458,0.0455527824294596,9.47236552996973e-05,23.1047783492942
104,0,5.35522510525867,1,25.198047598666,0.0404038052805765,9.25766905944667e-05,28.4304989856016
105,0,2.29958959559238,1,23.3753827974258,0.0288573426282858,7.06644869331236e-05,21.8479010733182
106,0,3.38860944069745,1,25.5912406221467,0.0487308432770847,0.000122652061273099,30.0513330573906
107,0,3.7909707257495,1,26.1733153189407,0.0310609042325528,0.000128189838378887,23.5904730363346
108,0,3.83098959408905,1,25.6716882903827,0.0461021497461519,8.23388863419541e-05,32.9039354992966
109,0,2.47006731793513,1,22.234528763434,0.0486334563037776,0.000110946515477599,33.2088958198075
110,0,5.56335565621846,1,25.7626752749016,0.0317635677238387,0.000122322870998237,31.5998746852169
111,0,5.76681253882534,1,25.5394201097374,0.0289383332783508,0.000104504712682324,31.2080684444116
112,0,5.07120069339324,1,25.3561820285092,0.0485170819834019,0.000111550258166672,25.7661469575285
113,0,5.26952158208014,1,24.1940046686846,0.0307635930679819,0.000111894323523224,22.5120499380276
114,0,3.94931902299692,1,26.333689590163,0.0512975897418492,0.000128009173237347,31.8417800149006
115,0,2.66504072386822,1,20.5852879642083,0.045215803354352,8.94282972632067e-05,26.987714839299
116,0,4.56211392558637,1,27.1173954511543,0.043928727708518,0.000121882537303682,20.9493868309359
117,0,2.75358378398831,1,20.2250483523111,0.0280342913000074,7.43744433833523e-05,25.3982948952675
118,0,3.10265283624002,1,21.8576872819419,0.0300871687723876,0.000128785533640961,24.0616069418188
119,0,3.61341667974601,1,24.5343288206307,0.0470407554090398,9.18184648988195e-05,28.7856832409533
120,0,2.28575485900922,1,27.4505668923942,0.041662485342746,9.89694390769426e-05,33.0368121430975
121,0,4.8972573988681,1,22.0711727214297,0.0505554460618205,9.44209672472794e-05,27.9585718457685
122,0,3.97407565982432,1,25.448881711382,0.0448159520097009,7.16533848919489e-05,31.5395400925942
123,0,4.86950207041885,1,22.7190594019453,0.0315249070669477,0.000123164794947497,20.794231967665
124,0,4.85142732963613,1,26.4501093793199,0.0315614332157941,8.58635186405083e-05,23.2668260678257
125,0,4.6041278466221,1,21.904560605491,0.0502674641690461,0.000111939039344305,34.3841189082053
126,0,5.62345765982146,1,20.8607017114391,0.0509123676106867,9.52838609191154e-05,29.7224152510061
127,0,3.34938900172325,1,21.0416322182012,0.0447533467713511,9.73165825825425e-05,28.2798695946765
128,0,4.41601119617806,1,27.2938981899623,0.0379395683070642,7.06665418570413e-05,30.0214427312729
129,0,2.54383812596636,1,22.9975408608092,0.0429282149650827,0.000129757901827938,23.8111832801257
130,0,3.02681178593484,1,24.6874578248417,0.0426843114063633,8.63431061381583e-05,20.3377183941379
131,0,3.25527700385921,1,26.2999523730712,0.0387349110043408,0.000114997847112191,30.7816478678927
132,0,2.04913868704382,1,26.3714814205055,0.0343878397238745,0.000108600888762725,21.4738276815806
133,0,3.26252243225643,1,24.338007605264,0.0452501862869207,0.000126115279448905,23.7679085878038
134,0,5.21877815704232,1,24.1231679774255,0.0502354128634118,0.000123438484583642,24.941074121907
135,0,3.77286248706967,1,25.89565039054,0.0397905136716378,0.000129787505575123,20.7349595517036
136,0,2.15418988960423,1,23.088257220651,0.0474435117375748,9.71434816189992e-05,21.7380528242878
137,0,5.23484541318525,1,21.9171049433562,0.0383189854770074,0.000118688159146203,21.1590210807013
138,0,3.43230586945917,1,23.1752729750287,0.0312721400148749,8.73265165019933e-05,25.2061570752715
139,0,4.92159374710056,1,26.6610859234467,0.044421998055361,0.000105899576404773,23.3717086961861
140,0,2.12609122895796,1,21.6304490232811,0.0467955058098929,9.98335241618135e-05,23.0951291615697
141,0,4.68741197988262,1,23.4412452574547,0.0496316122142911,8.97021591638273e-05,21.0076755800277
142,0,3.88249843050251,1,20.9686781999933,0.0390883509307576,8.38420979837062e-05,24.9810656478125
143,0,4.28901820696821,1,24.4624567073522,0.0405226201111639,7.25708763556696e-05,30.3412533674103
144,0,4.55635591783293,1,27.7996753811934,0.0353335989077685,0.00010641391701204,31.529999136781
145,0,2.75393021940711,1,22.293942179078,0.0306669231383698,0.000129441718872186,22.6434822417715
146,0,3.78978856487604,1,22.8720653771888,0.0515480264347097,8.46454328275374e-05,31.8657668895617
147,0,5.27954190095471,1,23.7223985556406,0.0436339658298973,8.37613523850976e-05,30.1925316036419
148,0,4.57399965339773,1,22.2500060408621,0.0321029138949431,0.000126397683739981,26.3372642142454
149,0,3.75072745257202,1,27.2675299424396,0.0513137837011921,0.000123236574650483,21.6876290756371
150,0,4.8233009231438,1,27.3848456951102,0.0324883734761086,9.94886225239301e-05,22.3154881088663
151,0,2.38219821214993,1,22.5512476564467,0.047821401225873,0.000120840763931838,34.3000866212259
152,0,5.64616679583025,1,26.4839689670387,0.029588323718802,8.98396370750497e-05,20.3345229215821
153,0,5.6214959278343,1,27.4031632605583,0.0496035326200646,9.40955503561171e-05,28.4546144468479
154,0,4.87296641922662,1,20.7220365295095,0.0459124274834457,0.000105750403795982,20.2300577276384
155,0,3.94781059683698,1,26.144759076918,0.0377258301288543,7.24367123596323e-05,22.9174456822607
156,0,2.46442363630792,1,25.8945985852978,0.0362067142438985,9.82827777236727e-05,20.428894837791
157,0,4.89965592140987,1,24.8812447170821,0.0405548870607724,8.27654595178305e-05,29.2541743929582
158,0,4.64725190949501,1,26.5540331859923,0.0411799647215577,7.98065509198488e-05,24.9174883757572
159,0,4.10481736737594,1,25.4710109001355,0.0385285073165191,7.62100308006778e-05,33.0597532088897
160,0,2.51183661309128,1,26.5045195237963,0.0357947168550603,0.000111618186174724,22.8150280222325
161,0,3.78169422145857,1,26.9605731414821,0.0415104206997991,8.05639168761595e-05,22.1256810250983
162,0,2.7371179764279,1,27.2642792397308,0.0293994639302944,9.24902312272449e-05,20.2122356642965
163,0,4.8902728481236,1,25.6791165591177,0.0316443990856452,0.000115153051558823,27.1367715494661
164,0,4.95790380593693,1,25.5720263063004,0.0375221055056905,7.91799455147895e-05,21.9816158338525
165,0,4.38087263309111,1,23.4849612136306,0.0378080347774477,0.000121393713561077,22.5157920019855
166,0,4.03516076379305,1,23.1289730219003,0.0372961969470076,8.60007350796863e-05,22.4608836602614
167,0,3.20749433349913,1,23.3342479754018,0.0350356690693315,9.71012459738126e-05,24.362416507709
168,0,3.35838055579519,1,21.4890491964097,0.0375448067368417,0.00010075580789975,27.8561657702462
169,0,2.06250600682583,1,24.2269620557514,0.039665777452504,9.27088838852171e-05,28.9629453925744
170,0,4.28705733749379,1,21.6034390475139,0.0437594923379918,0.000125302431099397,23.1934054553416
171,0,4.3804628147098,1,25.781881087581,0.0391625178765153,0.000102822403416559,34.9107266567527
172,0,5.74838003429601,1,26.0190125354763,0.0384961123703813,9.3364378798772e-05,23.9620096093735
173,0,4.17849500015001,1,22.8795664317878,0.0315786413428478,0.000111196297160553,32.2679085491959
174,0,5.9809157029539,1,23.0492721633596,0.0398935685976489,0.000118696748989821,27.5344457719451
175,0,3.60360821024385,1,21.5648512391956,0.037000962066089,8.94424058273437e-05,27.6602577506574
176,0,4.27956996353788,1,23.0627914528769,0.0384293234356628,0.000114383088278189,22.4831011733712
177,0,2.80738738969784,1,20.2040895219911,0.0461838128358962,7.30597184929696e-05,26.4660544424015
178,0,5.45087443740223,1,27.2928780773544,0.0517569416739828,0.000107111912857606,33.7728251105295
179,0,4.32296398396084,1,22.4130418342131,0.0498486098644445,0.000127543217359346,32.0286147284346
180,0,3.88319840988951,1,24.1987574573111,0.0489333240646982,7.26659629396636e-05,33.9532474512159
181,0,3.59877011292083,1,25.9366696297228,0.0515085099117869,9.34764833836625e-05,32.3626777022412
182,0,3.10605654150642,1,24.9086897926801,0.0413133480035627,0.000116088361959235,32.2198579685417
183,0,3.56500222137064,1,24.4668124227256,0.0291024631884266,0.000126219564032693,20.9275500542924
184,0,3.05441256148777,1,25.0124868989412,0.0453982016768814,8.02587565985534e-05,22.3724543704852
185,0,5.20631305767801,1,20.3174442735047,0.0476514939003917,9.50841473413093e-05,22.8498543564371
186,0,3.14726794594783,1,23.8664197710815,0.0313860498455926,0.000128158346859885,28.6212764701587
187,0,4.33373833324401,1,24.1931067194694,0.0321508212991179,0.000128251556311815,30.4824572195249
188,0,2.29701308354633,1,25.4033788932336,0.0474614504981405,0.000127085434741356,33.0963118055931
189,0,3.03237785537235,1,21.053554671027,0.0497803502985489,0.000108962341215504,24.3570191470331
190,0,4.49396899527716,1,21.2238867698973,0.0382102491148674,0.000121619383335762,20.0474658420476
191,0,3.44864747417167,1,25.1623567744233,0.03899893419898,0.00012807756366624,23.340712365093
192,0,2.98460148034395,1,20.4895645545591,0.0509283433071212,0.000113598913176634,24.8840791623236
193,0,3.9906206338529,1,21.2741064335386,0.0451178426053462,0.000123899265820496,23.6535387879982
194,0,5.12326272273368,1,20.682507687507,0.0490618513773192,0.000102352279483606,33.5855632159187
195,0,5.65995770286134,1,26.8946237828633,0.0447435557057214,0.000106440527410654,31.6488175144852
196,0,3.98997517179125,1,20.5304498484222,0.0494696762237305,7.40846135659509e-05,33.9092055164992
197,0,2.40448134607234,1,26.2302296366483,0.0363206394319396,0.000100364360576922,31.1456093368307
198,0,5.6807071830242,1,20.0994046002603,0.0322749732213251,0.000113098303008904,23.6063209638105
199,0,3.56242095650578,1,20.8997611172484,0.0479239891377902,0.000120360324051565,20.9556988440791
200,0,2.61885863525684,1,27.2513387448419,0.0440092042246932,7.98950040932797e-05,34.3924944219179
201,0,4.93531872363325,1,24.1515321878369,0.0309370205605753,0.00011600557122913,32.0684255920225
202,0,2.62927734940091,1,26.9971476574985,0.0362441202187191,0.000123491307403691,24.1330953521765
203,0,2.67162268399382,1,22.2563484297923,0.0309010062743703,7.92899352316593e-05,23.7582502022207
204,0,5.47050937406346,1,25.9889556572604,0.029194618515695,8.06583659917068e-05,28.5927029960296
205,0,3.30309576027506,1,23.3009329623896,0.0446478915506716,0.000112560095825001,29.4622406567803
206,0,3.25930705192882,1,27.842482595006,0.033168900771646,0.000103885656001332,32.9563754974617
207,0,4.75154817792439,1,21.1385737913274,0.0297986444323452,0.000120231350916061,20.5080126920198
208,0,4.97101619798051,1,23.9029043031872,0.0289631681640419,0.00012270397287724,26.6964402508057
209,0,4.32468867390322,1,22.9920601565732,0.0412657429830847,9.05895763834861e-05,30.8655036276158
210,0,2.00685059450485,1,22.1962740933521,0.0359132476611819,0.000127911506700032,34.9769655965662
211,0,5.78056637276877,1,27.0418305676055,0.0446040483518028,7.4217325162504e-05,34.8856971748231
212,0,3.7820054390004,1,20.9330094733364,0.0389705938904254,8.61492974004709e-05,24.0868442972036
213,0,3.70182679222364,1,24.3850425030335,0.0340896829096483,0.000103546720303878,29.0412703553318
214,0,3.10125956151494,1,21.5620978232862,0.048882299439665,7.8874991562857e-05,28.0367784753941
215,0,3.14535024550942,1,24.6887293476547,0.0301101127269446,0.000103894607361594,25.6398110387057
216,0,4.75498658488418,1,24.7683353572327,0.0333221060730765,9.1524108636671e-05,26.8949800626727
217,0,5.59352986719661,1,26.2202151300961,0.0419960915454469,9.50714646432227e-05,29.1057867841096
218,0,5.79383198530104,1,20.8378782053795,0.0405339695546443,0.000124867642897023,33.2913443752746
219,0,2.60473856890895,1,24.7699543766628,0.0374342287779084,0.000109089683651829,20.6421674568431
220,0,2.61342904687008,1,25.5617487664327,0.0518999380884705,8.625939096986e-05,29.534151905991
221,0,3.49164862341296,1,23.3158797550075,0.0308211208754939,9.39199509057336e-05,32.9333106536512
222,0,4.94735190653141,1,27.6704024649938,0.0386084935564967,0.000126086366235844,32.1505618833629
223,0,3.09100853568463,1,21.5348082976503,0.0363860455240887,7.31757548778506e-05,20.8330953991493
224,0,3.33777024821264,1,20.3893887138702,0.0283229543708242,0.000127332809233097,32.7850448406921
225,0,2.43838067456496,1,22.0462065311213,0.0374056862933702,0.000117649373647752,27.144094824183
226,0,5.01832961607251,1,21.4862177316226,0.0398209760938948,0.000120919696643934,30.8448130570903
227,0,5.49395410686128,1,21.4542518655578,0.0329041829335073,7.66643846699773e-05,21.6900794101056
228,0,5.78255627714408,1,24.2993947121358,0.0445082188119891,0.000120646313284569,23.1558497175192
229,0,5.23565050034368,1,25.7365138195774,0.0433987617296547,0.000101632242174595,20.4678134322384
230,0,5.13076966597358,1,22.8666485297204,0.048481135943902,9.25663435090014e-05,23.5928583469688
231,0,5.35612338346787,1,22.4505408149176,0.041188625713162,9.46018409475711e-05,30.5583716725681
232,0,2.30789948831279,1,24.7691670146868,0.0320458425626531,0.00012519561974783,21.8362949855863
233,0,5.03762023682279,1,22.2608860502718,0.0371054827936448,7.69647028761695e-05,32.802993811605
234,0,4.14888903677686,1,20.6594436970027,0.040483280269631,8.46465671531575e-05,29.7851565579675
235,0,2.18138579464003,1,24.9306117124707,0.0483182209728618,0.000121292826120087,23.8868146359507
236,0,2.49413778059964,1,27.2850671690855,0.0443592221880169,0.000120460467269103,29.8236113621705
237,0,5.53047824172503,1,27.9007055546493,0.0292296963565722,0.000121082195047059,28.9920820968502
238,0,3.98192886076838,1,27.910240386846,0.0323847488986128,0.000114609172505548,34.2973726015227
239,0,2.8544800740858,1,21.9002124133236,0.0321405607025348,8.51019757461806e-05,34.081816893364
240,0,5.48848193814973,1,26.4955687687682,0.0282462523655929,8.86064472135889e-05,32.4815056128328
241,0,2.86405799874212,1,23.8876830768342,0.0490059330170539,8.83414957171756e-05,25.3786602968032
242,0,4.94099898561501,1,24.2925752527763,0.0341765529486079,9.49648718409659e-05,27.9313162645074
243,0,2.81695486985627,1,20.6697146910419,0.0392120553151019,0.000113739643730095,20.9707014256219
244,0,5.56407101769391,1,21.154994227224,0.0359593981385898,0.000106354068216565,30.7104937977376
245,0,3.98232336592562,1,22.7826502954905,0.0382800332264505,0.000109100810997239,26.2956876913463
246,0,5.14949623037236,1,20.9596899580094,0.0404590011075883,7.3169776786655e-05,26.8836035114824
247,0,2.92427306093747,1,20.9597104739096,0.0282651564645719,0.000124305711835725,26.6225507937562
248,0,5.71994058318856,1,20.1692332073458,0.046026517604261,0.000118567445711733,31.9941018875865
249,0,3.77162259986669,1,27.6423583967161,0.0425151101385203,7.60063436230323e-05,20.3475447840587
250,0,2.02990121182546,1,27.2453909723715,0.0475088687944864,7.00133498920932e-05,27.9503929793029
251,0,4.83154293422746,1,20.3393327658426,0.0510782614547012,7.61803264372567e-05,34.5229210998696
252,0,3.07402918098827,1,20.1332874534931,0.0475633788034802,0.00011135501313895,23.8417849798299
253,0,5.0723465011071,1,27.4174066854379,0.0519946102896973,0.000105614426097074,34.0218912397339
254,0,5.42452495534989,1,24.8983141871021,0.0308338538001738,0.000124472270687011,28.4003824502172
255,0,5.10868799258855,1,23.8967986435362,0.0449933822969651,7.94608798397816e-05,28.093250060544
256,0,4.01741919127709,1,22.8207992758564,0.0355866965639308,9.77058772468543e-05,27.3971226721105
257,0,2.61848217547106,1,22.1670793972681,0.042434818841576,9.09962933405605e-05,20.7614641039798
258,0,4.19820565219719,1,20.1676705143162,0.0447998883769483,0.000118706503966254,32.4064203493278
259,0,2.33464729708195,1,24.8492811213572,0.0324505314840157,9.6746580260485e-05,25.8922362927796
260,0,3.00949395197728,1,23.7618793800779,0.0336316842408124,9.91040349186673e-05,26.6283277173766
261,0,4.32527870149974,1,21.5213173442361,0.0517731345870082,0.000127678586054269,32.8456425984617
262,0,3.30704754748497,1,26.2875967978294,0.029326863111182,0.000114065752987784,34.1596403759134
263,0,4.47941767927723,1,25.5817687805795,0.0387148041684174,0.000117812150117398,21.0846629787063
264,0,2.65489380416781,1,24.0824111146564,0.0356900440833143,0.000119580216405841,21.6993159791355
265,0,2.63851559466549,1,25.3880229206768,0.0474414106160914,7.70259703591433e-05,24.110079237954
266,0,2.94366586104368,1,26.8378350552828,0.0303854330377062,9.14545357206996e-05,20.4252600791949
267,0,5.30845290509141,1,21.1496145783277,0.0503552851371523,9.23957242877491e-05,21.3508980170986
268,0,2.88568127586278,1,27.8179871951466,0.029121628734667,7.26039094414045e-05,34.679171473873
269,0,3.02901212088686,1,27.0063895886027,0.0388598352688634,0.000113679459833667,23.7717007750102
270,0,2.40981998196178,1,27.9659912579161,0.0292994822271055,0.000106470062931732,34.0097515827975
271,0,5.95694906853006,1,24.7547001834715,0.0331668763997457,9.87868729959781e-05,32.6130224193144
272,0,4.25686599305191,1,24.574828818254,0.0292917585331271,0.000103070649759397,31.6532998260166
273,0,2.59076763852302,1,22.4000619395466,0.0348209469944666,9.76285483289867e-05,24.6552635492023
274,0,2.17318831019987,1,27.9160107508594,0.0349167069096156,7.17323598223e-05,32.2644360959043
275,0,2.33652954986299,1,26.5225586105224,0.0470346694596298,7.80947658098747e-05,24.1162877236331
276,0,4.46700998422867,1,25.5042063239984,0.0513845807552523,0.000105901934976362,20.0983593788164
277,0,5.26545882795325,1,24.1621029245143,0.0320845261509628,0.000110610163493012,34.6490485883704
278,0,2.33324624594917,1,24.0235014911011,0.044713930442619,0.000109206855184717,20.1181051490863
279,0,2.51390374237382,1,20.3243880003034,0.0470800493190065,0.000111976451627943,32.9112678671278
280,0,5.03233392635328,1,22.4053863684928,0.0288048149112444,0.000113852806683116,21.0622342884142
281,0,2.85528780938765,1,22.6473388084275,0.0489962997774859,7.67088581659846e-05,34.519939061828
282,0,2.85567148664445,1,23.2660754750842,0.0420793129627394,0.000121314517539794,29.9499491534932
283,0,4.23013296753181,1,26.6750248927334,0.0333683685606454,0.000116545897053429,33.6814302731867
284,0,4.02159762677279,1,23.481098829507,0.0440580598604367,0.000127759246964377,26.8758215900185
285,0,2.80276096717005,1,22.0846272503814,0.0426112699628938,0.000115596992171548,20.0859083448698
286,0,4.27760168940095,1,23.7280639502431,0.0329032011306211,7.3906161747195e-05,28.3422019903966
287,0,5.28450604022058,1,22.6198781261849,0.0404794352179288,0.000129688196156013,24.1203298783948
288,0,5.29015695423457,1,23.545698402224,0.0516552318484321,9.2412406168118e-05,24.4748816017933
289,0,3.22424543810756,1,21.5661023519376,0.0472586124750524,8.1591656035364e-05,28.2418922626829
290,0,5.63633004822803,1,21.8507989389285,0.0324691353478745,7.36105770505553e-05,33.7367521486662
291,0,3.79972652156851,1,24.1664036453511,0.0394795404109271,0.000129218251416974,20.6069752469789
292,0,5.5056312905967,1,24.4022917995306,0.0355592189454689,7.96467559620938e-05,23.9187161838921
293,0,5.17274611435653,1,27.365759732723,0.0498221058646046,0.000103970505902145,33.0693891106675
294,0,2.31431782206227,1,21.4502838623264,0.0338911656456257,0.000104048468306684,28.3701364285124
295,0,2.91485417719356,1,22.4060802903752,0.0322843904403582,7.51880773655062e-05,25.3584577902029
296,0,3.91182934103649,1,27.9927967075171,0.0407470585223296,0.00012688406049572,29.7977702537672
297,0,5.03551653940305,1,20.2993949799305,0.0327972999505142,7.2193920111872e-05,24.5091423869976
298,0,3.15932451621382,1,21.2011238167151,0.0303127808970402,8.01392968459391e-05,34.1094980453439
299,0,3.65625164022877,1,27.6648472358871,0.0401484603274976,7.40562226598388e-05,33.1977345840001
300,0,2.32187385747336,1,27.8204687859775,0.0387985594358749,8.63721041402439e-05,33.8008456395466
301,1,4.85965685999766,1.57141091536108,23.1644100503964,0.0449022629198303,0.000120032162025064,22.4146670120983
302,1,4.09990801866634,2.55212342141817,26.7398022524423,0.0322219878134946,0.000110167317113069,25.456507347412
303,1,3.1414495278688,1.34057584122074,20.2199209927573,0.0302366101714471,0.000100344421637349,34.0268427697291
304,1,4.77851721462233,2.18932252760139,23.1662722968444,0.0413668221711811,7.36407236961028e-05,20.5032707745826
305,1,5.78782539096538,1.36882372246659,22.3350438981106,0.0362326963213061,8.93871889058318e-05,33.9412601003729
306,1,3.96976580570879,2.92783015617161,27.1309897313523,0.0369130646597261,7.26319931047674e-05,20.6771812988553
307,1,5.74871194868772,1.48378697506415,24.5387115580488,0.0382258633740873,9.54494413233332e-05,21.9127306853524
308,1,5.05081581295246,1.74176239035415,20.2640418758432,0.0424680440054956,0.000115166749328095,21.8900004313783
309,1,3.76604191887534,2.92544403486295,27.7466395713105,0.0386583468676389,9.1132850656647e-05,33.8441936379806
310,1,2.74490072094399,2.72547398886538,27.129581904746,0.0405470163158895,0.000126410285350127,28.5438174679366
311,1,3.25909420179543,1.46563410664775,20.0694968007921,0.045646816281765,0.000122954997259647,24.8705465648654
312,1,4.60740072959968,2.11202339058208,26.8491025602129,0.0378100061016358,8.45884633252547e-05,25.6618277033491
313,1,4.59719529518258,1.7954515114308,26.6841103204254,0.0306530589855556,9.42758414362586e-05,28.3958118202993
314,1,3.26958647459606,2.15385897134652,25.5978455200302,0.0386710855626785,0.000112476432543234,25.7445273383176
315,1,2.40854988731677,2.29973320635429,23.1228026855877,0.0296186337731166,0.000119808276931636,32.5667369297287
316,1,4.34169296131291,2.08758718456215,20.0428887083156,0.0338724937781773,0.000111218966617966,30.4103444998861
317,1,3.93162812819487,1.4742817736462,21.9209765292969,0.0478288760696469,7.97151436035397e-05,23.3589199357232
318,1,5.64417795525563,1.33809246754115,21.3149528708868,0.0283554812487207,7.85332665029123e-05,28.4445732227278
319,1,4.11455079863586,2.83864874265564,24.6471902064341,0.0467152277785054,0.000124801385155798,27.9944374726938
320,1,4.79484666110552,2.25564450864051,24.4717918399293,0.0505450841742461,0.000110283414251625,28.1155785921299
321,1,5.47287591425011,1.35239057447417,24.1755896683028,0.0458186568131069,0.000127212596857937,34.9671756953807
322,1,5.44730343181703,1.37443073851949,27.026302577012,0.0383876140934561,0.000114279080397743,30.5649342940915
323,1,4.48687924048991,2.38659381763077,23.412014464003,0.0502126044941227,7.46163075864653e-05,31.8238525830128
324,1,3.47120678425407,2.56423292005349,22.0774628067172,0.0304984853194314,7.35327449925894e-05,23.370294507624
325,1,4.66099522035169,1.49605044296383,26.4421636511749,0.0402093522169523,0.000122525602587365,32.018336723693
326,1,3.2678229734397,2.19650146332312,22.2942703182305,0.0306289377421636,9.7347281459427e-05,29.3490629880113
327,1,5.12970937833929,2.89043566537661,25.3133089809147,0.0310822395380134,7.86760713548336e-05,23.3773641850693
328,1,4.678420415204,2.1818353319345,23.0516440473683,0.0515344653742025,0.000118066102546881,23.03386207393
329,1,4.75281344863158,1.44000341050442,27.2917935388893,0.0396964188119462,8.48035520740786e-05,28.2597950572443
330,1,4.03533461575403,1.7846657330783,22.3427029575079,0.0444957431808112,7.79621119915487e-05,33.0993072273519
331,1,3.46475890638865,2.79269817433552,27.2650773475368,0.0508548080423375,0.000113342715283425,31.2163195037329
332,1,2.18916194039257,2.00506733955495,23.9787458122172,0.0444201010100728,8.8292369873196e-05,22.4937913462735
333,1,5.09003007528191,1.54499684101471,22.2809562685762,0.0459108825825666,7.16926259725095e-05,26.2646377607476
334,1,4.71637285044779,1.99323903628033,20.5473217104172,0.0508768241768614,8.39942379146359e-05,32.2277177107114
335,1,5.3874641022496,2.65402822794326,26.1067437602696,0.0516983457276026,0.000106788388384022,23.8773295107011
336,1,3.94774847505632,1.96172718225721,23.8911367131414,0.0493079991672202,0.00011378370163504,31.3642678251118
337,1,5.23108531196297,2.88751776899675,25.1987978070215,0.0420001392256717,0.000102164576971622,20.1447419959293
338,1,2.64547013860633,2.16604778208804,24.0404371607249,0.0518867155021651,0.000129802012021312,27.1137976001872
339,1,2.97807600221653,2.21493848003412,20.9450244654493,0.037074594486061,0.000119726366503539,32.3385268395744
340,1,5.63008595170436,1.70093350182103,21.8325254128154,0.0295483940556331,7.06416369040635e-05,24.0009101642853
341,1,4.4736186514903,1.46078046778059,21.3636236315222,0.0448453802022821,0.000101625376179716,23.6741455676349
342,1,3.81051358698033,2.86355077723188,27.9999150786097,0.0469304092401256,8.98313037566093e-05,26.9714574414196
343,1,2.3797615452724,1.40177531640583,25.3062652962466,0.0432393359276384,0.000102541045179292,22.893332983229
344,1,2.86641422796732,2.12195370231826,23.4613532228107,0.0366420243868376,7.98935636089032e-05,20.8293628668101
345,1,2.58586159374351,2.14697957472047,27.2624278541694,0.0518509069927835,0.000115124497113389,21.7120631341569
346,1,3.74350784563526,2.1626044367465,25.7506406207452,0.0305458619707567,8.73038468268153e-05,28.6192292045521
347,1,5.07949897004629,2.04857439479865,22.914313318418,0.0436193659721763,0.000114456689052431,34.8112382433931
348,1,3.2500843101498,2.00726709987274,22.0734807072852,0.0280824995573002,7.81608435922889e-05,23.6137716647544
349,1,3.64413463667132,1.99179324816403,20.167846751173,0.0421306306551593,7.11800531385163e-05,21.1160904017423
350,1,5.37916687178783,2.99132048460841,20.7510689340059,0.0442087955977532,9.44841698765452e-05,24.3843448294163
351,1,5.15624741012356,2.99334375214165,22.2783503201108,0.0421922330145031,0.000116939397913603,31.7618702019057
352,1,3.89165149400003,2.27423901577667,23.3899601229736,0.0422155958834558,0.000119891980207432,27.0258394485936
353,1,3.79111902294113,1.75814386904252,20.5492442557651,0.0433960546567728,0.000125082793484229,31.8504541270145
354,1,3.38913569450199,2.76386278251695,26.3835715079745,0.0381157000333814,7.99551402083731e-05,20.3814245620434
355,1,2.27258220862302,2.74938299244567,25.3756908091151,0.0475601610530149,0.000121167668916486,34.946290688165
356,1,3.97761240393108,1.8768298760745,27.0037108601556,0.0394460912729035,8.33320385012736e-05,29.5616245317841
357,1,5.59757844076402,2.66853004619101,23.2008274108492,0.0435076685750945,0.00011709939954718,28.7619436471812
358,1,4.56646147689967,1.85536285844808,24.1660122827801,0.0512912371854449,8.90358445799545e-05,23.7553792996536
359,1,4.33176514791234,2.46940868726501,22.7240877634902,0.0417112143254745,0.000100997286105304,28.6969104716304
360,1,3.02844194179859,2.6596095317162,24.4091714196539,0.0292207979091089,0.000110542258854336,32.9978051521683
361,1,3.78461345060428,1.61543402597034,23.302329067856,0.0373986547528727,9.65213340237672e-05,25.5350340762072
362,1,4.58475226929915,2.26485135149653,20.322343260074,0.0482222949523412,0.000118342611739338,32.314690766529
363,1,5.81987444530181,1.42084882809682,22.5108239443041,0.047863005800533,0.000129868912818353,22.5594505914951
364,1,4.01286179930725,1.8773434673482,26.8129749953228,0.0382980894624365,9.49386611343173e-05,22.837544997329
365,1,4.11605146289885,2.70348575252729,25.542981036994,0.031354588036006,0.00012201146216151,30.5397927494467
366,1,5.63891009078746,1.36353872633324,27.7721251922395,0.0286990883807648,0.000103100651042797,21.5649446455477
367,1,2.35683958784819,2.07588695721546,26.9878265333077,0.0346702710323008,0.000129695777995097,29.2653363167648
368,1,2.11652307202273,2.44050848238736,21.4406693310583,0.0463246778086126,0.000105512443360584,25.471924708129
369,1,4.6771526514503,2.86702512103085,26.378799365713,0.0460309859603775,0.000103536612228552,29.4825177930103
370,1,3.49357060468211,2.75168988347926,20.5784241807131,0.0366530017943882,7.26336250724414e-05,28.5052168349623
371,1,4.43993308843214,1.92524478857155,21.437153976253,0.0504560986941146,8.6094098436315e-05,33.6949795017778
372,1,3.42887337331021,1.8604580117575,25.9945012702542,0.0398760796749609,7.97117063759028e-05,20.0691812832032
373,1,2.16280482118346,2.88215784460253,23.7131590846773,0.0501572195452911,8.78151192893646e-05,31.6743005311968
374,1,2.32536640340795,1.90274580932865,20.1505516797916,0.0402439756017447,9.58631668986517e-05,22.6163107770006
375,1,2.28637982818562,1.6850001791415,26.6995849043573,0.0499311264671501,0.000122632527454996,30.0651914340453
376,1,4.318665851286,2.42776329377233,26.1010408527117,0.033733146142493,7.70416481704265e-05,29.598107230377
377,1,4.11006636092699,2.4071105203156,27.3212464878011,0.0404352054284495,8.01177275031757e-05,21.2952604848327
378,1,4.56459290984215,1.44637078126744,27.3705755097594,0.0308089588907291,0.000115063824250732,32.7493744010173
379,1,5.86256364270996,1.69191693775812,26.4005033042818,0.0416174636784678,0.000125187822650457,25.5096802700432
380,1,3.17148222835396,1.51290966879718,21.037013489876,0.0372984792473317,0.000111713354561224,21.639285480922
381,1,4.1016507280225,2.60497102582709,24.545532485255,0.0336971627061934,0.000101168128867156,23.1808015634905
382,1,5.67093624933334,1.59724645691347,20.0714018276762,0.0457085433668753,0.000122795874026297,32.8856440953547
383,1,5.11643905328912,1.50504692211067,21.1972767497916,0.0461776350047055,8.62784136032593e-05,28.8379785872282
384,1,5.60870240055836,1.33075991003078,27.2672281326265,0.0431037339289501,0.000118219311767159,30.28127909962
385,1,3.82603354202756,1.68743610064895,21.5371203778231,0.0403794577134587,9.11001213105546e-05,32.796328009814
386,1,2.33600250194846,1.33118489176241,22.3654602379518,0.0443225484682191,0.000117531060933148,34.3235185695173
387,1,5.10757452328235,1.92277933116506,22.8916686878452,0.0381085505218291,0.0001249173020614,23.4655950388256
388,1,5.25090503043176,2.26050255733373,23.3234695852302,0.0517385128947783,0.000117840351997016,26.143779491943
389,1,3.65443162612116,2.76087951431052,27.2717541766149,0.0358955269992747,8.18059758269101e-05,32.6416438980744
390,1,2.0806949902408,2.54918270535404,22.5456148516492,0.0518594188252738,0.000105557633901605,20.955256127848
391,1,2.37886154064842,1.72430664141961,26.4266296722685,0.0417544494181196,7.90357834941974e-05,30.8143939208714
392,1,3.48117616464207,2.83306932764551,21.8002412787641,0.0442680208631198,0.000108703590071163,24.9080937600998
393,1,5.37304404284353,1.65122418513021,27.0462753705683,0.0359656922115856,8.99311288537016e-05,27.9920164227977
394,1,3.94713071583744,1.4650415040746,27.5124339113165,0.0518723625282028,0.000112748917587767,32.5539510371292
395,1,5.72438164616696,2.88280272128373,21.9900551835668,0.0497348464495471,0.000102473720320565,34.6771764045777
396,1,3.07760011418791,1.85379645326902,25.9782256669855,0.0475448927826196,7.57025962600195e-05,32.8202288566995
397,1,5.40559745586998,2.52414997036652,20.3520186322152,0.0404806529502115,0.000113941156432992,31.3080915354988
398,1,5.06260650463221,2.49625292855469,20.0061135308724,0.0378026970573509,0.000117987161757806,26.1354334763796
399,1,3.87920520667734,2.21300508368755,20.2283373509189,0.0354360664322143,8.21798239333116e-05,30.3794409851275
400,1,3.97626704556247,2.98914906894025,21.1021937068952,0.029789410330912,0.000124866445539342,21.1488038469958
401,1,5.73031225041866,2.55426454552392,24.2778666393878,0.0413562224775073,7.86321106287355e-05,21.6659498697265
402,1,3.21079237447951,1.60321015481514,25.2933897743405,0.0319421152073337,0.000120601849057863,24.6217906665451
403,1,2.90174916252752,1.40734758686756,24.3523853072173,0.0464879696040677,8.90867167616328e-05,24.1700504990928
404,1,3.1356572303369,2.85369310223694,21.2067658410601,0.0437900714285258,0.000120066713217376,34.8090811496551
405,1,5.72724173953264,1.34380350766564,21.4318706299699,0.0347112548978369,9.00331829758448e-05,27.1550499261205
406,1,5.37283938569537,1.89990784446247,27.7269917604835,0.0309667273014067,9.74146027107438e-05,32.4196771873632
407,1,3.39859713034671,2.72779193203366,25.0255132728955,0.0382362621907096,7.08560992766469e-05,21.4426736306732
408,1,3.28536270231673,2.8577191134711,27.5242197946076,0.0391314465914995,0.00011524109181056,20.9788822018683
409,1,4.85161454502375,2.68262821445155,21.7285141224364,0.0355028620217778,7.31661826871306e-05,24.1790717359355
410,1,5.02683155202156,2.51538484963337,21.2814337594774,0.0447318249845162,9.23670388667108e-05,25.1773708232903
411,1,5.0827890638432,2.04740082964417,20.2348425425675,0.0413583389581287,7.01505317079411e-05,34.6041177733076
412,1,3.49314329471892,2.51061905604285,24.1868931466935,0.039893381443622,7.12677261543515e-05,29.8730333191237
413,1,4.51296022462158,1.93024277818014,21.3732897915478,0.0448425202263618,0.000103766480816375,28.2715886655248
414,1,5.52697420799837,2.85008017532574,22.2783327785773,0.0383966264229414,0.000105788534148567,25.9220975865707
415,1,2.16141758186318,2.57206597320834,26.8685047295455,0.0343955667017806,8.70412746585925e-05,20.5752018214246
416,1,4.70799047558908,1.54691465630156,24.6071516677205,0.0362358951505217,9.05642197962206e-05,25.3326743264269
417,1,4.39953965665585,2.28247969293862,27.1005507862302,0.0291366095358199,8.92411499374812e-05,28.973931266612
418,1,5.92651222479458,1.67752761245062,27.0947198352781,0.0493450663404919,8.61018643560191e-05,30.4920792661208
419,1,3.6665048281383,2.0601665537411,25.774527093554,0.0508637325410659,8.16502964132079e-05,31.9612327140635
420,1,3.45672514533879,1.96782409215176,26.2650602755857,0.0515477691717539,7.99497327738526e-05,31.7340322342535
421,1,5.5289347669295,1.54756720038833,20.4265815723282,0.0387410428330192,0.000102131241166802,22.1094723293197
422,1,4.15347667493181,2.77023674729246,26.051541209101,0.0428986863231718,0.00012100301802746,34.7337375297318
423,1,5.40118980149019,1.98461735433245,26.5523417261911,0.0318599860457951,7.14212419725877e-05,30.936598094866
424,1,4.09009035942313,2.30754361063564,25.3043704217543,0.0443065109370993,0.000126901986200616,22.4336387939644
425,1,4.75536699251738,2.70592606136981,24.8918054448422,0.0514700429374448,7.71635283427809e-05,25.273680677993
426,1,4.2227845126076,1.34826754462206,24.4743114213183,0.0432257805817985,0.000128365400732242,21.102558195112
427,1,2.89995970022089,2.92698135565474,26.4628110545191,0.0514276012049964,0.000110443797858885,32.3205424398383
428,1,4.05347929236497,2.07201424168552,23.6340869519903,0.0463566933263745,0.000101450904661061,26.9034989201414
429,1,4.03453588291298,2.40305565823382,24.0321792020447,0.0480700978249525,7.56847425403467e-05,22.6450935359371
430,1,4.41045496371597,1.69403802492576,27.6773500978759,0.046058816138224,0.000129931425573892,24.389029508051
431,1,3.43603382094623,1.601313553662,27.8940694957815,0.0487726356697794,0.000118531902450465,31.6124475872281
432,1,2.00603227084617,2.17994749890204,27.5223343474163,0.0294622681889477,8.52173264736634e-05,31.6526370674607
433,1,3.36144573118014,2.81978644104613,27.736294098279,0.0428479287109954,0.000125447450754786,34.427238440287
434,1,4.55265991375201,2.22423132004847,21.4271812282169,0.0512532423875122,8.39967808059504e-05,26.2494529093603
435,1,5.81225770809214,2.70316715763747,25.5237198152741,0.0417720850250132,9.0888798219774e-05,33.6289833415684
436,1,3.69089862855336,2.43178625235136,21.8772427534209,0.0280355529195527,7.44191823651297e-05,32.4526209066996
437,1,4.48609321177591,2.16892658351296,22.1020559601456,0.0286383439433071,0.000128595269611743,25.7996778454061
438,1,5.17659833653931,2.26229882826636,21.1423093734404,0.0490390964276817,0.00011952655522546,25.876650258392
439,1,4.02054453219877,1.70790879161072,27.9046248814998,0.0354259850375039,0.000101614298043535,32.2516157600015
440,1,3.03262477198249,1.32831574363052,23.4822854094589,0.0516464578193295,0.000111453795359393,24.0626807712196
441,1,5.728135387964,1.78591360838415,25.0645902160698,0.0355417250696925,0.000108565077205418,21.6863796324605
442,1,4.27342350803315,1.46905778766047,21.6624821516063,0.0500594768113581,7.20594936117667e-05,20.0879939486822
443,1,2.07509664406177,1.90673006242901,25.825669497033,0.0508873692395327,0.000118985211145095,24.0850401664853
444,1,5.32984868642578,2.33048766519627,27.1497348876038,0.0333363050158665,8.06144006962219e-05,27.9980481044047
445,1,5.63336213928723,2.86646812549227,27.8680586413892,0.0487324001013475,8.02634834783736e-05,27.7946224639162
446,1,2.38327801354065,2.60014257584344,21.9222982595022,0.0354104899590294,8.91097641243889e-05,27.1822100049846
447,1,2.49017276344772,2.30301933054467,25.2768810713132,0.0478406565605161,8.3378743396604e-05,30.9184560828333
448,1,3.63894274557458,1.66548305564789,20.3642988898312,0.0433695141440918,7.35857747669911e-05,24.7851498459869
449,1,2.33751396359473,1.78548734193952,26.0054552239211,0.044523723882654,9.33803807186118e-05,25.7814513541891
450,1,3.04619159111544,2.79682915276125,26.7343586159079,0.0412137229894791,0.000119631771324972,27.7312120936298
451,1,3.77869282035975,1.36035631748686,20.4576328656541,0.0441997359227803,0.000121686753022513,21.8402320317314
452,1,4.69085206576822,1.30532370526988,25.3301173572944,0.0480692919673099,7.94338779426067e-05,26.5194331897994
453,1,4.26369337093159,1.30243093699408,22.2605319445451,0.0412035734637018,8.83762033702092e-05,29.1219097917429
454,1,3.86340576895047,1.62712134591274,26.6051080682439,0.0290729779247093,0.000118114434223105,25.4099553524019
455,1,3.55233203402603,1.66119271836836,25.8349407895782,0.0343235530161914,8.25157555691767e-05,30.105599340265
456,1,3.65386521849488,2.61829536780669,21.4136112437781,0.0342266340337743,0.000100349584386205,27.3634605623075
457,1,5.43661040356256,2.25903236619616,21.2181500427082,0.047825139527998,7.31836682683786e-05,20.6378056330625
458,1,3.24407207242716,1.5898063315379,22.584741854227,0.0380914815030519,7.45821717765107e-05,31.7457966247363
459,1,3.73647546404016,1.86413753208122,25.6980273830735,0.0443745737536504,0.000103561107814263,20.571867263792
460,1,5.42860793666865,1.80496181160656,22.3070541738076,0.0338029518924113,7.07466526195428e-05,29.418841542015
461,1,4.8005623078067,1.31174522745112,27.3261228425894,0.0513103712771701,0.000105834839850016,27.5081795001245
462,1,3.87714253153809,1.98937618814524,26.2566938769419,0.0484796862349301,9.73916306321304e-05,25.9559883516818
463,1,2.25191093386068,2.12990570587691,22.4459514176827,0.0366835196301024,0.000126312445489889,20.0278879889258
464,1,4.63472331728669,2.61434889243895,21.2553425042087,0.0399060582615796,0.000113835717994064,33.6284022700417
465,1,4.20235655380012,1.55238600601043,21.0981370051706,0.0374131486595868,8.38632316195187e-05,22.8362080327372
466,1,4.2740479527446,2.5015168937971,21.3916937319224,0.039422396698037,7.90455882173833e-05,21.5801371300163
467,1,3.48231193605424,1.44745779271479,20.534270174519,0.0282367829273866,7.39096326081726e-05,28.9620990852299
468,1,4.05592844570606,2.38753291781649,24.2116802982525,0.0289717145294473,8.18807878244507e-05,28.8784801583043
469,1,4.58855907839614,1.59492412504971,25.031863864876,0.0444886430630446,0.000114350390117943,28.5033344320878
470,1,3.53157171944335,1.42543273218631,21.6109262033598,0.0327715320425195,8.45362376125406e-05,34.0545350947002
471,1,2.69947694429025,1.49211145122061,25.6982289704798,0.0419489585197043,0.000115453612041669,23.7366003520193
472,1,4.23437575802713,1.82545841305098,21.1029043703786,0.0350681429747382,0.000109567130943765,25.0802014675316
473,1,4.50909263500602,1.6044367768419,24.4753776286729,0.0451174083996319,7.4211101851282e-05,30.1528777210998
474,1,2.64265210531134,2.30616077165296,24.2424582149161,0.04020105849012,0.000123739616476964,29.4800658481002
475,1,4.96761492091242,2.97628197991147,24.2758804940164,0.0434347524411097,7.71072949266825e-05,33.1739914836613
476,1,3.21524303724634,1.48089714851997,25.8901837769091,0.0329048304379053,0.000119871986129833,20.3896086778872
477,1,5.70837394610187,1.3088883992238,22.1207560657545,0.0468029632255955,0.000128605630140279,22.6518457352377
478,1,4.66605940080256,1.43124730907866,25.1774654946974,0.0516763489065521,0.000104031143998083,22.5669685639406
479,1,2.99924763690309,1.71105233998425,24.7049260969014,0.0317076932381368,7.66921384843983e-05,25.5449775871708
480,1,5.6289279229894,1.67492751840669,27.5077290701458,0.0486010893663748,7.49778291573124e-05,30.434062015518
481,1,5.51635365050355,1.83115836508495,24.4930776846615,0.0509480730429644,7.51272335723457e-05,33.8230669604019
482,1,2.88006711142117,1.55368484331887,21.2302249228367,0.0449691893390848,0.000116535554720752,28.2744621222865
483,1,5.4571917727195,2.73091528693649,20.5820755008291,0.0343038254957141,8.18631615449468e-05,23.9790046205354
484,1,3.01439576978669,1.63735528329417,23.0564574905633,0.0482458992504395,0.000124021238761654,32.5943706848539
485,1,5.79189947181948,1.37554700584877,20.3598882627796,0.0351524072787136,7.65278814162995e-05,29.3259002786479
486,1,3.96877687569964,2.83574639352034,24.0345753541292,0.0428332313155392,9.77397021046915e-05,24.8589027620118
487,1,4.02710750528533,2.89144486213152,24.566288834351,0.0510121883797248,8.77987158147872e-05,29.9290049597833
488,1,3.61228990348609,2.29671720351439,21.5657281292822,0.0334814602629981,9.46898265946935e-05,32.0344509217656
489,1,3.34118555503243,1.91709377026113,21.186538826385,0.045766635710939,8.940353773181e-05,20.2612522255386
490,1,5.39667315187122,1.6015040785972,23.5769461163474,0.0443720552218712,9.9446752793941e-05,26.4640711020813
491,1,4.70716798839947,2.4040358875264,23.7843536700661,0.0283578265019753,9.23955944715383e-05,33.7935885242286
492,1,4.91912991889976,1.57197134854468,25.8123935674759,0.0493043019035078,0.000104130940143591,30.9791615230329
493,1,2.01690494699283,2.01983978019886,27.45557152709,0.0349945957309277,0.000114978291330174,22.3265112796836
494,1,3.97108564778295,1.86954571471929,20.1270959243481,0.05084573896639,9.39644730868048e-05,32.4860201345304
495,1,5.75976196361712,2.85105843643171,25.3482268014967,0.0355211946285076,0.000108106307337715,20.3487993907901
496,1,5.67755272652868,2.52757380008188,21.6761668427747,0.0439211385229583,0.000112538093207113,21.416235685323
497,1,2.7915121778175,2.14210995933872,21.3257723126422,0.0439794489081788,0.000122373350625399,32.0872121207659
498,1,3.97160842588972,1.42321942308167,27.3312079958926,0.0349215937061594,0.000104570696142003,24.9001017380067
499,1,3.23071342143795,2.78224458427631,24.1999159096537,0.0507115630464301,0.00010720534987255,32.4649891196892
500,1,3.34067160329616,2.37221120307741,23.7249060146839,0.0500645053117957,7.47707275546235e-05,32.6285211874309
501,1,3.53975579953415,2.13072060706799,27.6077784410536,0.0353757288170256,8.76647662794254e-05,24.7843647810464
502,1,3.83869949928617,2.66047530554085,20.8209334919258,0.0355318285001541,8.27781489728865e-05,25.7603772067213
503,1,5.13286080748473,2.22304520428797,27.4907974297182,0.0493699393134557,0.000111559587951305,20.4850590187242
504,1,2.44581325612039,2.0298895731273,27.4328583021523,0.0514300144796269,9.1130177478559e-05,21.3568245581145
505,1,3.68486601320086,2.61462223034166,26.6740113223162,0.051155587743168,0.000110960794111032,20.6522739164573
506,1,2.91592038206292,2.42271035631768,23.0637347839584,0.0370275602684001,9.8055764940141e-05,23.7395022574781
507,1,2.65526540054691,2.21094851852365,24.0957598733274,0.0505824494882125,8.25842970898364e-05,32.4143686283004
508,1,5.30873756851801,1.51571595243968,26.0044194001101,0.0455580080051848,0.000104086795444755,31.1792172274625
509,1,3.47483313424962,1.63796091929839,20.2124422608529,0.0312244167933994,0.0001226474947345,22.0020607935662
510,1,2.54652762683667,2.7540682122516,24.440799700501,0.051222374252639,7.4775427870955e-05,29.0745525101947
511,1,2.30063413319786,2.86073662579133,24.389794508365,0.0417588791753665,8.98606493891309e-05,26.7301133816469
512,1,3.36401716439621,2.38903910809415,25.7864649050475,0.0303268462622605,8.0037199622491e-05,29.4467934387955
513,1,4.25407915179015,1.98645322649166,27.025869243088,0.0480423153868278,9.57421308407848e-05,24.4899860174161
514,1,3.66940007020558,1.93076624784186,25.7573195915038,0.042385727688819,0.000107225276474128,20.4403676589838
515,1,3.29229647837845,2.61413732037484,24.9252754790912,0.0352788788936381,9.9749304801025e-05,26.7963088821822
516,1,2.20783577013409,1.53024789994018,27.7467490777755,0.0343969985164037,0.000108018727938848,28.4378407228137
517,1,2.18236889088945,2.40890582275165,27.4611748470902,0.034250224187853,0.000120214248872236,20.4729117422303
518,1,5.61515765866,1.47946322954304,27.1083854528718,0.0465030822842177,9.70965268206514e-05,27.6877299089779
519,1,4.51658417727483,2.67834163786452,26.4226219364649,0.0413405867873319,8.83684219519778e-05,29.2941607332678
520,1,4.42236335586262,2.71122249639699,27.5394755021585,0.0327001516536997,0.000128342053740481,28.8524030545473
521,1,4.94500099157384,2.84601051858971,22.7343685000743,0.045779158127842,8.36151993531048e-05,26.5530684497964
522,1,3.98212755880918,2.80775578967737,27.2532670193918,0.0313308842821013,0.00012408720506171,22.747119714355
523,1,4.24616989931882,2.37810217748032,25.9884817066178,0.0471088611529463,0.000108092642798668,32.3039666441061
524,1,5.15036081336959,1.44065125596796,24.4378887274622,0.0356643754165732,9.84070372233405e-05,34.5740302081648
525,1,5.39490388014736,2.25611720485453,21.9832586420613,0.0388924945398066,0.000107444681613936,30.8325013333348
526,1,2.55925378591357,1.89748489159342,23.5836737636494,0.0328243765170458,0.000119736918014052,32.9163707312496
527,1,3.31395882525574,1.35067623538254,20.1878276193579,0.0428410880433583,0.000125026935423741,29.2758023081308
528,1,5.23361332991168,2.107815621366,22.1633330051594,0.0518411509694716,0.00012088120601998,27.3767899933682
529,1,4.80971534648477,2.93514448329023,25.9799430138831,0.0320201931439418,0.000114380465165804,29.9204304759502
530,1,4.53571471361672,1.74896821790493,23.2409365958313,0.0398781424235493,0.000118155150038157,34.7488031702369
531,1,3.69034761812332,1.72018289516576,27.5892866520518,0.0368166491310491,9.39436199793565e-05,23.862157672879
532,1,4.01865989980933,1.79342121741294,24.623552806974,0.0443004743797764,0.000108657739791872,22.0373004429146
533,1,5.33781810855721,2.67595142107862,25.4073362747761,0.0428683202779503,0.000104924932737728,20.9109205944339
534,1,4.20729306314364,2.80100249004845,26.8842934973375,0.0376865995050909,0.000110003376754787,21.0880758088055
535,1,4.80409274844434,2.44278226409931,20.0458081385729,0.0392005024382778,0.000125545183832874,26.0828333316547
536,1,4.18059992388664,1.80885688156707,24.3763353155378,0.0398765203706304,0.000102631051330564,25.9303617173904
537,1,4.47396316138629,2.46361738627837,20.076605141002,0.0304873469081974,0.00011680064574569,33.2503448971429
538,1,5.27858132175542,2.78255234942046,24.8220093708488,0.039236090326229,0.000113342897005764,28.8468135199556
539,1,4.04072134859697,2.94740748987418,21.4171566372837,0.0490296488636571,8.82629358620732e-05,29.9984404195019
540,1,4.17206288519781,2.98440171579326,21.0809450767134,0.0405069559542004,8.32068747888836e-05,23.495350841506
541,1,5.50821993328561,2.07884393743908,23.8794746710134,0.0387261200609851,0.000123909270521293,20.7694656680104
542,1,5.90623900639318,1.43213908007144,24.4895062211237,0.0515347854965863,0.000109951456368312,27.2025188375439
543,1,2.85129308472941,2.35497613346012,23.6513615877566,0.0371077111787092,8.72042390482043e-05,33.7929647875665
544,1,4.31019988082422,1.80679243789792,27.9040344106221,0.0341408923410932,9.8151746896171e-05,29.7941193287797
545,1,3.0661462480475,2.21852940647957,25.0371907975165,0.0443569688884472,0.000103905051704383,30.3856840983052
546,1,4.42224873714657,2.69179795165881,21.2642305197848,0.0391925528135737,7.09179647664401e-05,33.6923656499759
547,1,5.08279852259375,1.62290790949968,24.6580015497909,0.0417448704034721,8.68559860775245e-05,21.619901651559
548,1,3.21077912007184,2.3126453811101,23.5818760739799,0.0397263602100171,0.000119052135698796,34.1195543524456
549,1,2.47480180325994,2.55259600080127,26.5319373957246,0.0461506537479742,0.000124265385767684,29.4702246898655
550,1,5.06923697481104,2.75864000751397,26.730497312764,0.0435700036931662,0.000100064777640813,30.5522264114479
551,1,3.25446607892409,2.92377511062066,22.9361800171207,0.0397736605395686,8.75505164053171e-05,32.3894655691082
552,1,2.51097967921636,2.14029356911139,23.5289778729405,0.0309152110236573,0.000113878052894446,23.4325754946545
553,1,5.29012010330455,2.89421698452812,26.0496841960294,0.0445553138127391,9.79573162123175e-05,31.9485834452367
554,1,3.32078907088633,2.89279022320052,23.2353680530865,0.0508536072004782,9.73326364196056e-05,32.8121836694783
555,1,5.50199865826024,2.899430631168,24.010522881911,0.0427219110605266,7.36769659113037e-05,28.2815487900428
556,1,5.36720484333776,2.19681516417332,26.2881059425503,0.0444556270825147,0.00010285357960641,30.8799938591027
557,1,3.0730275822398,1.42095591722744,25.7988108776894,0.0433869904185553,0.00010414992679233,20.4853388616984
558,1,3.89321796247943,2.52369414808677,20.8325930623118,0.0400604593793456,0.000123034123796829,26.9898645237662
559,1,4.7465104105053,1.90313712468461,22.8281190462077,0.0443801447164093,7.38158562952445e-05,27.5701431169865
560,1,4.18329442027741,2.71100918571661,23.8207500012287,0.045071983994158,0.000102514070033415,25.6372726368608
561,1,3.17479019979115,1.99762835364969,26.9972732748091,0.0434647444356875,0.000112728866645001,24.8858939345758
562,1,3.66736958724448,2.38837770791764,22.4847347751351,0.0436251644722753,0.000117146201908462,32.792333174099
563,1,2.06730181296132,2.41932118747793,27.7421603030298,0.0436651638964677,7.97873610713222e-05,30.0618456060043
564,1,2.86591898655975,2.00467186732586,21.6607308353893,0.0305505594727271,9.63866252513235e-05,25.462416322732
565,1,2.53009297086213,2.11927087164769,27.5877342205079,0.0352746433655523,0.000112831491636075,23.378318120114
566,1,2.00416609657295,1.42347057270324,26.575666052083,0.033240200511608,0.000129196213663925,31.3614448811838
567,1,5.33892890555752,1.96078565348274,26.9254713305825,0.0408398895179506,8.71870197167192e-05,25.3403637421613
568,1,5.3497896436609,2.51338523017592,25.7871971228423,0.032856822274492,0.000109230018085406,27.3542239064545
569,1,3.24752558030322,2.59000276037775,20.0077295810355,0.0301946371385281,0.000103633828570408,22.6770111155173
570,1,3.56833341273911,2.71965334652558,22.0737669805102,0.047393032809639,9.97292154844646e-05,32.6493954911789
571,1,3.43850802819389,2.423787561136,24.5451439614599,0.0359784608429035,0.000112039068430345,26.1247408827954
572,1,5.06303785337121,2.48812761977821,22.3766321317225,0.0399839589513889,0.000113655703150998,34.685951201935
573,1,2.61697196111016,2.70035850475323,23.3816861608415,0.0348608318493385,0.00011793949067083,23.8203730499393
574,1,5.85872250427644,2.4629442676559,25.4368200388672,0.048576943062531,9.33377053085097e-05,32.6100592084231
575,1,2.86736236709483,2.68014610723669,21.5713294019694,0.0476844720814753,0.0001262417418406,22.2452577232923
576,1,4.18314735633115,1.94621691859603,25.0732446219199,0.0388951080432795,0.000101298595979213,32.6692051010614
577,1,5.01766750189299,1.81818283283278,20.8722673029104,0.0421198770838795,0.000126069849468218,31.8131214754515
578,1,5.73580608131783,1.70345731557895,23.0149602080293,0.039840914943485,8.10211195776917e-05,24.4617345316082
579,1,2.6259076646486,2.19718898351492,26.704682552167,0.0286737120788593,7.90636560730729e-05,30.610699971166
580,1,5.42770490854998,2.88102496633609,20.4623664563375,0.0334939661398064,0.00012665690787263,34.9716369957336
581,1,4.81426741820008,2.93639417211876,27.4750375337937,0.0438103813311118,0.000105342777684191,21.7301236142556
582,1,5.9315437505567,2.92322372387663,21.1437902793574,0.0336548884795588,0.000120957554169325,26.5036361198655
583,1,4.47352676963313,1.75138844932403,23.5401677986767,0.0518965188372428,0.000121328359537223,28.9850896935075
584,1,3.19425459905588,1.64413108596408,25.9768469678198,0.0368985919576897,8.08875683550354e-05,26.5622461125483
585,1,4.52864581559118,2.98827096602658,25.7262129424534,0.0395368112563156,0.000122130965622401,30.4572867648568
586,1,3.23772245677309,2.39622931280288,20.2214280026412,0.0514914083536446,7.49955864414864e-05,34.3511122689077
587,1,4.2423211353192,2.05502774403968,26.8655892090113,0.0487876750460036,0.000104143225800077,21.8019643004339
588,1,5.18780065031408,1.44115955800218,27.3455601205833,0.0479891187612653,0.000112061345734042,29.4201673749311
589,1,3.5010171524628,1.97653186566178,27.7282164492358,0.0284515384377347,0.000108060061741438,24.8277860277103
590,1,5.6630528778903,2.3119473399025,23.6772514132533,0.0282654553581426,0.000123432674079971,20.9054840891431
591,1,3.6676104761939,1.95745777486408,25.6575590969578,0.0453128320029113,8.51740802340081e-05,29.3405217216799
592,1,3.4000881301525,1.85025374625734,23.861814292937,0.0298365554238068,0.000103896086168351,31.2607182526083
593,1,2.75346937819314,2.93632785382967,27.2682562718165,0.0500018966734586,0.000122944650569288,34.8200135405639
594,1,2.66501531779603,2.36288306556995,25.2756729371997,0.0287073801123044,9.31050784066545e-05,23.3118566170934
595,1,3.56274608437523,1.64064101714392,21.8498913263049,0.0414509075870136,7.2907635935765e-05,20.902094699231
596,1,3.6258710382011,2.34363913881517,20.0482954728206,0.0336559556493309,9.8414746215303e-05,30.3746221668972
597,1,5.18846994403473,2.68570956521294,22.7053318930663,0.0500623978201932,0.000101535234345406,22.7189624069264
598,1,3.47457838535461,1.96831138830869,27.1122680284085,0.0333112989121584,0.000104847516515804,25.5040122016149
599,1,5.72477066308101,1.97076005945807,24.6687200409703,0.0507334462614762,9.30564863748523e-05,23.2716092309396
600,1,2.68314238580978,1.86628050689211,20.0027435167164,0.0319451070040728,9.24251075716652e-05,24.9375091682539
601,2,4.50667333956772,2.45151211324614,24.6099872033051,0.0315343911481789,0.000121230282718819,28.5717154290022
602,2,5.47370054702805,2.50566790913789,23.9491342324045,0.0299571744553558,0.00011421823613554,33.5460344541899
603,2,3.49901900405771,2.43992507092414,20.4471802435294,0.0285810161270195,0.000125536674995445,20.0594096836069
604,2,2.61662300400142,2.56749855946648,24.9540815141889,0.0456774063245123,7.99644346066748e-05,34.2714190699549
605,2,3.2979922306158,1.76834390422027,24.6403518009592,0.0515700183609555,8.12131618587777e-05,21.75200821001
606,2,4.15134897529261,1.84185290811637,27.7850809563373,0.0455397180198983,7.51708269401248e-05,32.1512359125603
607,2,4.45382452396058,2.84949052850839,20.707353299842,0.0435976520308932,0.000114688235336751,21.5417272837098
608,2,4.80093811009949,2.00149863535763,25.3940286110852,0.040556958619633,0.000118226967908786,25.6364648845109
609,2,3.74627161642338,2.42639775856325,27.4580150452685,0.0322200387313796,7.34063041805926e-05,23.2999643332956
610,2,4.60599211029388,2.19097669370663,21.7793217082441,0.041720735373956,7.03206712223721e-05,30.3898559795914
611,2,3.60379313321928,2.26060774231969,26.7654920766221,0.0501893661927734,0.000128127617347938,29.1423288237533
612,2,5.54271585456818,2.91560514441649,26.2376191429584,0.0496356244534347,0.000116962506443976,33.6928002766021
613,2,4.39526547476416,1.37000568179142,23.1223151083398,0.0424883686615259,0.000107292648063126,32.6967901502396
614,2,5.27403604991999,1.78866355346131,27.5051279850877,0.0441186841230768,0.00010799416155983,20.2367054110191
615,2,3.90336959402865,2.55019566475104,20.6737431807335,0.0365273444504506,8.41703420936489e-05,20.0195908885541
616,2,4.73974929145992,2.71323752788321,21.8909441996069,0.0467378813206717,0.00012138888532098,31.9627193806266
617,2,3.31241574031798,2.38290539318073,22.6919133739352,0.0314280388621718,0.0001219146419488,29.6797763070842
618,2,5.83762401168518,1.76655121936413,22.8241926807525,0.0360976221733455,0.000127877241052778,22.5385487657989
619,2,3.89713996404378,2.55211316646622,24.4718248613899,0.0375561100154506,7.5008180893162e-05,23.4311275985274
620,2,2.96680576947603,1.47440521916204,21.414572374426,0.0454637602355458,0.00011558840365759,29.8788947898156
621,2,5.34638476029545,1.69951169273481,22.7555257506993,0.0301317770739557,7.44660855451381e-05,34.4036806396355
622,2,3.85204501820598,2.71735072120456,24.0767606058566,0.0516322671435719,0.000122329967308354,21.040756117939
623,2,2.89935884411477,2.54490997554389,24.5641464980766,0.0429765206094123,9.66831688136435e-05,33.0434040504546
624,2,5.27542154179698,2.59908246810107,21.6257964763596,0.0446752703059651,0.000110697561729066,20.7727025994084
625,2,4.34621363338569,2.91136925626903,20.0933929575917,0.0359972487721734,7.06495095679339e-05,23.9426659379534
626,2,5.26805609467543,1.86772952887309,23.2937821520312,0.0483733364329749,7.92909569530049e-05,21.5518160605707
627,2,2.40865699548914,2.59822404473614,20.2837189656214,0.0407233689950285,9.02924812933874e-05,31.3033641971141
628,2,4.79163028540997,1.42426751622987,21.1964948436236,0.0514957371753043,0.000108486175572601,23.4886466219996
629,2,4.22427009277163,1.35067875843313,24.2776280649838,0.0486504271733311,0.000125295427220782,24.6191321582626
630,2,2.41814885560668,2.71339383621753,20.1136812395077,0.0473730554453834,9.94840546373887e-05,23.5304498822472
631,2,2.72289265857921,2.91722381152723,22.3744483123202,0.046472576157418,9.86139815373787e-05,30.5352238012806
632,2,5.22069750049854,1.61336434369985,24.2569152798389,0.0290657316707077,8.23282562122456e-05,34.3414756232711
633,2,3.2229233253051,2.95481092780539,25.8290845594352,0.0338614947432346,0.000111366798966637,34.8553237449988
634,2,4.7955433292391,2.50164573287355,22.7605312856867,0.0405818398701741,8.60585685323366e-05,29.705444533029
635,2,3.3766676028333,1.76520447943617,20.9280319476586,0.0465117598817352,0.000114687565056538,25.1880248391342
636,2,2.63714071904428,2.93288523806771,24.1707542143835,0.0413978033707791,7.51370279449969e-05,23.1461232373797
637,2,3.04590848625782,2.73788373383999,25.2749524087821,0.0410143412501251,0.000101328299507002,32.6366872132278
638,2,4.77375313815973,1.5507705301727,25.337976569085,0.0476610584000606,7.06175555618441e-05,26.0315742876223
639,2,2.48253352303898,1.4255058787507,20.63746784788,0.0434937319154648,0.000120479547543925,24.6040117008083
640,2,4.95719870297804,2.91275150308225,24.19167592523,0.0331063749596076,0.000123126350722884,29.5601154089054
641,2,3.68722661852736,1.30021631198025,26.4913686542066,0.0464020620961053,8.82417189120881e-05,23.4671743979399
642,2,5.11604474890614,2.24518585387249,23.3303458994889,0.0359765291107584,0.000101751640471708,24.4877473101857
643,2,5.08499080962954,2.19036200573695,25.3731712210571,0.0437626818289137,0.000101811797539354,21.9011888455975
644,2,5.92436262450389,2.38091921233707,21.785774284269,0.0343317280850982,8.04376313967167e-05,30.4789515007967
645,2,2.28416218814471,2.50948484425648,21.8504642733203,0.0331202670502318,9.89700741114077e-05,28.5740082476604
646,2,4.19335953102641,1.37061250302298,24.7279832941892,0.0382901160375868,8.79159167084261e-05,27.4970936659943
647,2,5.77582614278072,1.68254724183762,23.5023393108142,0.0372380942731737,0.000128547727164609,28.4910530326789
648,2,5.98310584335208,1.83444031214372,27.0484284259576,0.0302346960022,7.37239984025882e-05,21.9058700219572
649,2,4.6281370515089,2.68449052355121,22.5458439913187,0.0428226144733653,0.000108459131635995,25.4187286765412
650,2,2.50068927913209,2.63179653994286,24.3607909636361,0.0467983045860369,0.000108811615912964,26.2492266922929
651,2,2.94354085909863,2.01622153403079,23.0545924194795,0.0424725505711846,0.00012078836348097,30.2361595961336
652,2,5.43458815775949,1.55515472790303,21.5720900725231,0.0452822337701491,9.52650542921415e-05,34.9900657743098
653,2,3.6384826262513,2.0379825386567,20.7391945811712,0.0364550453322837,0.000126934253684429,32.3835318021906
654,2,4.58937923166734,1.96379054567947,23.7006985664705,0.0367818544454341,0.000119649323709278,22.4643673599715
655,2,5.43487895837073,2.14366935464191,27.2198102315734,0.033623139616538,0.00010149705007301,27.1900834760557
656,2,4.87552518098865,2.04201740987673,24.9145974292206,0.0330037479461144,0.000100873150667311,24.2792074863277
657,2,2.07633459073257,2.21118793495473,27.9949968976961,0.0390486344899115,0.000104464172715754,32.9418958878996
658,2,5.2886401612196,2.68152868038653,21.7229860010242,0.0501961421874275,7.7102040462114e-05,24.9033885981419
659,2,3.45303046216647,2.63371900567505,26.7921629651214,0.0319943727132006,0.000109479176747902,31.9547513417908
660,2,5.62136103964428,1.32021026846456,26.1434155224901,0.0364404429934632,7.54807558931477e-05,29.7851121122969
661,2,3.18968375488399,1.87736362725375,26.6881123647074,0.0480748963995985,0.000115170058811824,33.8883142866774
662,2,4.62434617766892,1.36438972455347,20.6517627936606,0.0426497939048531,0.000103554847854857,26.6533667321738
663,2,3.50729683081419,1.81900962576433,27.3458065061434,0.0374548459850966,0.000111685538803501,32.9938900104172
664,2,5.77296054213004,2.25846990566321,22.816621787541,0.0395868976502858,0.000128476141330133,30.4365717780027
665,2,4.08379899843721,2.15571229431699,20.6201962227648,0.0427874571016384,9.40620707005737e-05,29.2802002668057
666,2,3.94537369435826,2.36849869672868,20.4577223406779,0.0327953636045731,0.000126764677891223,22.3521387387302
667,2,2.45234563397134,2.90725664511694,22.233995356914,0.0335908669483721,9.13518284166992e-05,26.4393379435499
668,2,3.14816951432381,2.53925012162603,22.2265799018708,0.0435665742771936,0.000120551872299929,21.0814261213236
669,2,4.44207530778504,1.4972527701514,24.6999112667945,0.047898014287804,0.000119699649238432,29.6076269488366
670,2,4.99910465899596,2.96298930105646,25.378987714524,0.0345386953816482,9.19975419654853e-05,31.5092335820605
671,2,3.0176817753849,1.90881021333152,20.3404926035215,0.0339912097982723,0.000128272589913302,28.3944151125157
672,2,5.11019423385468,1.75762187692173,24.0360250865465,0.0433724791714762,0.000128001083108268,24.5714611971178
673,2,4.68041780268838,1.37533717997419,23.3588310716921,0.0375994991694656,8.78597010172855e-05,24.9091769451687
674,2,4.31294116043679,1.94938748051323,26.8412847596306,0.0352170047039783,0.000109056269012905,30.0752314692779
675,2,5.4938332168945,1.3684271636679,25.5236493096422,0.0290286732675911,0.000105641698598189,27.8333018955342
676,2,2.2184552856705,2.84336888399333,26.0511670102146,0.0454863846109982,9.78133502759399e-05,27.7454046537051
677,2,3.02932904963451,2.61860761412309,23.1650900510557,0.0370195180898806,7.78790526398325e-05,23.3695471680594
678,2,5.49018928566172,1.92429376854313,22.3981070337241,0.0383283053536196,9.12236969772183e-05,32.5469678966102
679,2,4.33771464378209,2.43211361866048,27.4100202151668,0.0447424335706153,0.000106087910866727,20.4397274787323
680,2,5.1111453102591,2.46734032433687,21.5334440465119,0.0508033069832576,0.000101541196227102,30.0442601695821
681,2,3.18419075924864,1.45117698738822,26.1305621911027,0.0435277064873985,8.07156209404007e-05,21.8096765878797
682,2,5.07718018207931,1.33782446906611,20.12546635194,0.0299900352624728,8.92441622213606e-05,27.1716699857028
683,2,2.33572775331844,2.15816985545098,21.5656289452931,0.0482857921437578,0.000122592361733812,27.1939895294296
684,2,5.41590404525896,1.40772603822865,25.3824086461166,0.041599372906033,0.000115981212092749,23.5165730760398
685,2,5.15497561438598,2.00097561559866,25.6924430710421,0.044888630994608,8.9856074101568e-05,34.9626175111584
686,2,5.89770870154637,1.60793054945583,23.1547894160546,0.0356729241928823,7.01286372018795e-05,20.3322177546995
687,2,2.91960125230795,2.14666928782365,23.9189604479748,0.0333590710497382,8.85256114874892e-05,24.3719114906661
688,2,4.82796952174859,2.40268522513745,27.2325485054881,0.039617861021315,0.000103254153332835,22.7427779825266
689,2,5.19045047706125,2.55168734951779,25.2484604149937,0.0443751712824995,0.000120703226086917,24.6123683605762
690,2,4.28103137204321,2.36191303435681,27.1231169288519,0.0406968415582083,7.76763994691245e-05,27.250559068962
691,2,2.22202418547487,2.14714342704802,23.9104341313076,0.0492237991230561,0.000115965208531659,32.7129877913106
692,2,2.01886457215754,1.94304337822541,25.2688847433233,0.0377043246070672,9.88045372074779e-05,31.659593651925
693,2,5.03222015614187,1.99152107037313,22.0573937093212,0.0436772222355716,9.90205771953197e-05,21.7455512456718
694,2,4.91830816176811,2.45111193710496,24.1682109279876,0.0325438195893839,0.000122607971036925,29.5714756224948
695,2,4.10693408893101,1.3210297010104,24.7944605002803,0.0297663382387074,9.72864512978761e-05,21.2339854195921
696,2,3.72888181346436,2.55638183099703,23.552202259291,0.0400494100913015,8.5713643146728e-05,29.2816272265926
697,2,5.2826262456864,2.40456171830844,23.865517520343,0.0283415769021154,0.000112048578460284,22.241318663974
698,2,4.25344495977188,1.91111705047381,24.2493730427264,0.0349039193416826,0.000128657459153755,29.7774649121895
699,2,4.87098273120418,2.33879895246138,22.4210295861914,0.0281172584570052,0.000124501536214051,20.7791147112131
700,2,4.10616469069054,2.60984576511339,20.8734546349608,0.0298540317660801,0.000115085989114384,28.1196792113325
701,2,5.42606228516004,2.83898406970376,20.4507507284226,0.0373708402247618,0.000100619081844519,31.3362750154372
702,2,5.13582320547791,1.7049876269321,27.6429178153319,0.0298818886305982,0.000107784669410995,25.7455092427743
703,2,4.77380810453367,2.98054989194835,21.8407013036337,0.0288069032357775,0.000117362614152565,33.7529757352806
704,2,5.52525708261732,1.46608116619903,22.1329925085606,0.0507084455933199,0.000105370247861547,27.5721908085546
705,2,3.63912455348458,2.1919459656999,26.6146330312678,0.0501538651360682,7.58772787077047e-05,20.3194619609409
706,2,5.22336500458704,1.67015279542858,20.5597211440007,0.0462033050610123,0.000123213497902472,31.9844805282584
707,2,2.34678668648741,1.81067091803646,25.2300797834665,0.0417910802870773,7.77801094364009e-05,20.93170463461
708,2,3.9853897440529,2.45327613689155,24.0324921511242,0.0412624062397176,0.000125678229053786,30.3799609504322
709,2,4.6550232532639,2.9415144632304,21.7753564796118,0.0293309563636989,7.9189958703677e-05,32.0385682450756
710,2,3.82951685280819,2.85089783917727,21.2456949191829,0.0335648274434236,0.0001285780490266,24.854287766498
711,2,3.39706999745299,2.41303499980409,27.6077039060598,0.0305642625226311,0.000113359846609033,24.6574927848006
712,2,2.02410271691697,1.38115667416563,24.5169624118259,0.0472255551315194,0.000105511505030268,28.3951629989817
713,2,5.16933861917996,2.79221902540958,23.5723562156707,0.0445246818804667,0.000101698769307411,33.3225258545682
714,2,2.8684279679098,1.69187090434884,25.9958709502802,0.042993802802763,0.000116054691739818,22.565090341925
715,2,5.78889511043969,2.35317241354576,25.7792065106991,0.0424909243779319,0.000126035005654251,20.0972466031877
716,2,5.10093795739775,1.34919607339233,27.4174989754456,0.0342322779317157,8.19466131006042e-05,29.5861848931478
717,2,3.57593303705659,1.87072326539447,27.4831760443439,0.0507429974317878,7.12510139699817e-05,30.4715722176119
718,2,5.40717186555929,2.47261628877224,26.1530989570083,0.0366621387803184,0.000115354222863034,22.0588900711794
719,2,5.85465540309542,2.6768765108062,24.9903519114749,0.0341885643831139,7.73549072949573e-05,22.602952225415
720,2,3.56763400799843,2.35300596777288,25.5130907680402,0.0306163769038054,0.000122794702050807,21.0153532342989
721,2,3.26158354350513,2.26140650531156,24.2414141936225,0.0463694269054278,7.59118610703152e-05,30.9420449030341
722,2,4.166435281726,2.17241152374462,26.8596252287656,0.0322848694283726,8.6239325231806e-05,20.2052874234906
723,2,5.86657027561146,2.10579096414986,23.405066548349,0.038514812212352,0.000100397855716883,23.662865669781
724,2,3.45638815705881,2.86434833613587,20.64759986973,0.0304457486554368,0.00012039775100137,29.8571374735613
725,2,3.7440622786397,1.76209708083085,23.3396133706837,0.0281225397874103,0.000113881492884708,30.312336513047
726,2,2.03116241851175,2.28737877851876,21.4778262915869,0.046934365734203,0.000111406824948373,26.0191264257231
727,2,5.1270280728302,2.95893303975644,27.7926010069623,0.0426672394928016,0.000114656431721416,28.0878108575755
728,2,3.4602137221354,1.51425416299279,25.3114193484184,0.0377907799670893,8.86004175492527e-05,29.0812229891022
729,2,5.70880099081805,2.57986973943275,24.5573022824709,0.0383905310028803,8.19799661850879e-05,27.8060301574556
730,2,5.07922620277183,2.51623949588539,20.5284317793829,0.0320030913829453,7.87001513404392e-05,26.829546872778
731,2,3.68513329789256,1.70752341749509,22.3559584795672,0.0382259388872666,7.08710830194551e-05,32.9691085898538
732,2,3.41093804871986,2.4214513674559,22.8251528193876,0.0371343261526884,7.98498085606757e-05,27.6549107801203
733,2,5.46084970151921,2.36669736679996,26.6714532328121,0.050514273806392,0.000110910642309763,27.4807682989852
734,2,2.15982593249644,2.59432369658439,26.7763619676613,0.028801995512702,7.31272935169455e-05,23.1286201761105
735,2,5.37117351000954,2.85661711048433,21.6946412799313,0.0371095565588101,9.47767228396005e-05,32.8131604029066
736,2,3.57306654608381,2.95997986516896,23.1181040303111,0.0339129451785011,8.99416644237713e-05,21.4238050267721
737,2,4.290574928823,1.4912456602543,23.6581560676221,0.0299401877939396,9.8558697369097e-05,34.6380688543346
738,2,4.24024629467024,1.93182334148773,25.216733315409,0.0296136958456083,0.000118404402372108,31.4364608038694
739,2,4.90326434892051,1.84756609413943,25.9661862480532,0.0296952267330894,0.000114656416661004,34.3733259575652
740,2,5.11371377325644,1.59994795171452,20.3412527386961,0.0500474897813135,9.70454796570131e-05,27.3923279281459
741,2,3.13008739531022,1.50463689726459,24.5425242145665,0.0389329833451484,7.59596041064096e-05,29.645505178799
742,2,4.91409752533874,2.83901913468549,22.5498677529593,0.0389582307367016,9.38141048544362e-05,29.3248843225454
743,2,5.56888849850161,2.22725703450447,20.0691864348234,0.0432954746011128,9.79227635591943e-05,24.4202210930197
744,2,3.52575946973329,2.29680900367353,26.4927466487524,0.0356205845756339,0.000107733495418261,21.7743663351924
745,2,5.81340817428715,2.2124551974209,24.0956989023475,0.0423609820775004,8.89547757144484e-05,22.7939579968233
746,2,3.20597966516338,1.31571775566445,21.4347197785689,0.0433603555605151,9.41378608486335e-05,32.2576808507693
747,2,3.91600224700279,2.19342611676678,22.372712184994,0.0424245622835264,9.64379125873368e-05,24.9487172087265
748,2,5.62445830513253,2.37855906469701,21.4572634649323,0.0377590476249772,0.000101512680122605,34.4532260933044
749,2,3.64852451915957,2.76919131149631,22.4578464857744,0.0373892478505771,9.42687246759118e-05,33.0268500712583
750,2,3.88898954633724,2.49013540196303,24.3180828857994,0.0450264261707137,8.31782961788234e-05,34.7707144134639
751,2,5.67292213101564,2.33943798139407,23.4860628795119,0.0357143445030203,0.000104268469554198,22.7796873234128
752,2,3.42840822834418,2.57365562452968,23.8187857337055,0.042486966555755,9.6419237441e-05,32.2012334850102
753,2,3.55500936446603,2.91218123872694,22.3953357947668,0.0341225966192974,0.000102561677641197,22.3681231905025
754,2,2.73876932569492,2.65964843223841,24.5128728426693,0.0364474475217343,8.13966449108641e-05,21.6940901105328
755,2,4.55724796100034,2.68679578937074,23.7009543642288,0.030763127074915,7.40797873740578e-05,33.1203377205374
756,2,5.77218198977846,2.17694212982804,20.8607544116211,0.0398051587885673,0.000121701603405886,32.0347623414927
757,2,5.17483524515806,2.23261761548994,24.3693012542252,0.0293957550048659,0.00012910832723705,20.7806581342345
758,2,3.58044988916734,2.46953515346061,23.7113534182994,0.042588052259058,8.31650917800444e-05,26.986019704221
759,2,3.28995229043149,1.99547791161253,22.3737642475447,0.0359913246209062,7.78019186889668e-05,26.8285993385386
760,2,2.38639975234475,2.48490680720838,21.0556872295444,0.0446150858811116,8.59087276432677e-05,34.3181812853228
761,2,2.33466684840997,1.80812921711187,24.2223442031553,0.0409809162683332,0.000126115967546352,29.5578261059101
762,2,3.61545498831848,2.2402455596259,24.0782210292598,0.041713097878672,9.84159795433405e-05,22.6360281444608
763,2,4.99240877228956,1.63683097963642,22.8893708396729,0.0318743330359679,9.92186389653214e-05,34.8596355894286
764,2,2.78957376278311,1.70389955367579,24.0589584970449,0.0489987949969142,0.000111339860602503,28.7176845399954
765,2,2.74477604841449,1.44818966886874,25.07878967008,0.0441711209047134,0.000123501928856627,29.9944468179872
766,2,5.22898096784109,2.87035338818307,21.4094803432905,0.0373095654805036,8.04839625549157e-05,33.530885660321
767,2,2.84898241152238,2.05782648446184,26.3255656384764,0.0513621200083671,7.71273408277708e-05,30.0506128851465
768,2,2.10710755049843,2.67829364796632,21.6674271235642,0.030859364035372,8.25727205334968e-05,26.4286270958686
769,2,2.21630057424976,1.63001349235238,23.5747505412693,0.0349295696842296,0.000101763380810322,34.2451161740986
770,2,5.54850656509434,2.45982156136245,23.5613747882598,0.0514036205960528,7.58374523236439e-05,26.2456312703221
771,2,4.76548353468948,2.9070793871799,20.6309808253904,0.0382495113036255,0.000123379253198105,34.3547608466221
772,2,4.45581114424886,2.76646534529137,23.8306525283504,0.0374479498363364,8.63215417593978e-05,26.8542295500552
773,2,2.74850322799283,2.42363744671477,24.4823464161947,0.0457732291862634,7.93792896014941e-05,34.7085277731971
774,2,4.91141821263526,1.70534242391277,27.0812075353844,0.0323097118496439,0.000116250892993374,22.0742652458889
775,2,2.80971134005211,1.3519622822214,26.3994383012937,0.0459588731877405,0.000122876451569523,33.947499032149
776,2,5.46002149929173,2.89819934230353,26.1351475010988,0.0403780753539019,0.000108835030372335,21.5302713273928
777,2,3.89164690850159,1.67640545821903,24.0367219631823,0.0385301780673963,0.000103145314033997,25.6392462689822
778,2,3.13015121704125,1.34575387574627,25.6804792114416,0.0372370312891796,7.19075526428163e-05,34.6967752552302
779,2,2.52592703687737,1.92638988838425,22.6610443639967,0.0316178926368869,0.000122603900439832,33.1687380633267
780,2,5.73045812728141,2.25128280117023,20.3337034478129,0.0508061488285002,0.000123220812323303,20.2086611101138
781,2,2.22530819011281,1.66880452767301,22.2529447423364,0.0483169453577971,9.52086772601015e-05,27.7640217021111
782,2,3.47725236767721,1.67458742406362,25.7718049952683,0.040068225429595,8.34641247350463e-05,20.6729196881677
783,2,3.23756564397795,2.72806028414411,25.4388129216407,0.0408459675812393,0.000109548709889321,20.142293814582
784,2,3.6383625685127,1.65940920102159,27.0131472390705,0.0512889696003585,0.000121013598044489,21.160227534287
785,2,3.80731308972757,1.75462222731915,27.3947429118741,0.035429451278713,7.85355852942858e-05,27.0066782911458
786,2,4.5207853965701,2.30660009916062,27.1823831915499,0.0298060205099803,9.11333078278274e-05,29.6039986475924
787,2,5.45103047055633,1.89068126067515,27.2127996621706,0.0307544507035908,0.000111119835794857,22.8061907999479
788,2,4.9408149289315,2.04141411315909,25.2055268489663,0.0417622870915978,9.42697351052855e-05,33.1061075222615
789,2,3.2209354409923,1.66416214397788,27.9304333206124,0.0297496171301666,0.000115688775787265,20.9781594331759
790,2,5.61061591195588,2.56976367337143,22.7214294862759,0.0483396118643227,8.4068670004797e-05,23.4502826711893
791,2,4.15327655462494,1.62692114332774,26.0272952929486,0.0302535144005684,8.8580496648676e-05,28.1019292635231
792,2,4.26033834031522,2.02128645963628,22.2136597345111,0.0406982542302754,0.000104875041681593,33.8188122478889
793,2,3.14714769619009,1.83398138679614,22.7270411250393,0.0477712938804966,9.00001772474153e-05,27.2702784522911
794,2,5.48354709954414,2.99980538176086,26.7019964980993,0.0297998251823125,0.00011216101453766,26.4267720523078
795,2,5.4233355250294,2.2549865520284,26.0541494325291,0.0311236877449697,8.93549935639905e-05,20.7977062136929
796,2,4.94030353105003,1.98068480511099,22.2404805209364,0.0352941500171881,0.000123926368976774,33.7399777834472
797,2,4.30825136268164,2.51016572877969,27.9102243308411,0.0416270007256727,7.30198424934484e-05,34.4388429225654
798,2,3.73650052692973,2.22545252458881,25.198592965471,0.0300686612371399,0.000118049585990706,25.3567771033149
799,2,5.97078654099948,2.37019216192139,27.8204329852437,0.0297751175505646,7.18824066927525e-05,30.3620003670118
800,2,4.76425734872587,2.63170114155868,27.3772463046265,0.0309286600009985,7.2508681011511e-05,33.7908213368686
801,2,3.34594014451121,2.66181969721117,23.5224845219018,0.0516203239516723,0.000106059704918415,20.3692892655587
802,2,2.3100080604955,1.71657549810066,21.0255956514913,0.0447028201434686,8.27383321559965e-05,26.3644212290118
803,2,3.43206030665097,2.16250714186153,27.4350204181693,0.0433127856033781,0.000113757512691059,30.7705817395611
804,2,4.31438973819954,2.93288406195645,22.8660321777314,0.031911854111447,0.000108754177641373,21.5609575081783
805,2,5.83922352742414,2.08954748211496,20.2799262309546,0.0371089208265946,0.000125801845896128,27.982167433466
806,2,3.55670364493396,1.84402816384244,22.8241438108139,0.0330838427288633,0.000101711118806359,22.9984400120306
807,2,5.18715291291648,2.16277545164446,22.5707880661349,0.0327785340548037,8.12783864262987e-05,31.353897145112
808,2,2.39836713049997,1.8914027756079,20.6823108851674,0.0360132735689541,9.57027028551516e-05,28.6486275585392
809,2,5.50599569040336,2.74686989285597,26.2688437438372,0.0424833971788999,0.000128504853000304,23.2170650569516
810,2,2.96552842421303,1.37291684928424,27.5345435192701,0.0316868557157389,9.85561119002552e-05,33.7468554088405
811,2,3.38998135067678,1.50046847550159,26.9123687899201,0.028931046617723,9.84288696281501e-05,25.6391794681319
812,2,2.33729499254666,2.72293847114853,22.6231420107376,0.0409479872446268,8.58918150304621e-05,29.9299038411081
813,2,5.66570135255492,2.15123451293198,22.0858830855936,0.0310089861864664,7.15302364332368e-05,32.0464112440123
814,2,4.13447580045888,2.37046648376184,21.0213198119313,0.0515499614110523,9.0071911974479e-05,22.482986977107
815,2,3.2072658261563,2.14727130722825,26.7167378013875,0.0489957471333235,0.000123060176368872,34.5228369467871
816,2,3.32169944080243,1.52545395165501,24.7375817274008,0.0517253999607499,0.00011242851846834,27.756951370223
817,2,4.60798157850196,2.85935292608443,26.3656973257622,0.0403679929911508,9.60103726308778e-05,27.5343698359878
818,2,4.41846235424397,2.03930706994241,21.705253667417,0.03133109339345,9.12702165323836e-05,21.1863614642476
819,2,4.40789416665756,1.73155385056103,23.4427809902158,0.0507424170119,9.42918113463033e-05,21.4644625091204
820,2,3.89078946332229,1.37917056614872,22.4064524746968,0.0461046053967338,7.22237389819417e-05,22.7152838421372
821,2,5.34633461292961,2.04421467398955,26.5945961110474,0.0354375363821086,9.70846300239026e-05,22.9837366499441
822,2,5.74440247059809,2.53563192210275,24.8024676244048,0.0503329024396668,0.000103942783051804,34.5058935117546
823,2,2.26927476618001,2.32856257256199,23.2884546786466,0.0294762564364339,0.000110424140593404,23.0523796915564
824,2,2.26098561800939,1.8131065480956,22.2919403705286,0.0461171430735567,7.32016730356547e-05,34.075287635287
825,2,5.27569914698929,2.45117652017341,21.9586885252393,0.04883957017055,8.66916859125676e-05,20.0438343512225
826,2,5.52544719513294,2.78615341577556,21.0509328057997,0.0337002659230948,0.000127472942495827,32.9043026724492
827,2,2.14369615349786,2.86525228264803,26.0890166118341,0.0381171164911189,8.96982686043916e-05,27.9597224137103
828,2,5.72824279506562,2.36372199359295,25.9216232825959,0.0292288962476719,0.0001085748426511,33.2102627149864
829,2,4.72854829767859,1.44321753147302,25.8377692881434,0.0419461520833722,0.000121130673112302,21.8879160353428
830,2,3.39265460546939,2.16386373328573,24.0627224427082,0.0369863325978732,0.00010956780526338,20.750645338525
831,2,3.59008987168314,2.63745926176235,25.6601684186619,0.0348345680841728,0.000118791119913916,33.3496730439423
832,2,5.11627909604427,2.95612939045725,20.200714982506,0.045010260865452,9.06553673250749e-05,32.4056985706905
833,2,5.17068196636074,2.19868089495407,20.1033082460039,0.0464933827766816,0.000100287791749604,21.6330328875397
834,2,4.5864770036484,1.66446818647504,22.8592082498078,0.0470714650423195,0.000124848823724937,24.121890077777
835,2,3.03178965605411,1.76688247890494,23.0526595030289,0.0453270486666131,8.65778295995162e-05,26.875372572473
836,2,2.91892295225006,2.40096303663164,23.2043283583978,0.0457523099188188,7.38145657125092e-05,26.3825286707363
837,2,3.46181460699461,2.25689945570604,24.8458854046892,0.0496599559026507,0.000119477661028053,26.9906358401156
838,2,4.80762702400127,2.52932499451921,25.2300443917056,0.0400799375332049,8.93063050359049e-05,28.9477999370865
839,2,2.7021614456218,2.1444442581876,21.2766319209541,0.0515017426643076,0.000106389745757242,28.3262235849797
840,2,3.54528321073657,2.59803788565255,24.4305901182989,0.0464154085452292,7.63390008164459e-05,27.7797155808711
841,2,2.56569592664976,1.72287143768767,27.6755226420447,0.0515100169861252,7.17895594154014e-05,32.9090937229851
842,2,5.34858040798412,2.17586635739558,22.1102719937777,0.0371390672601917,0.000126348757490748,20.0445891864858
843,2,5.53796968901842,2.96044223520262,23.785660553669,0.0476852879564813,8.33800502015673e-05,33.8904728462181
844,2,2.87303434325189,1.81450206593376,21.0914109538924,0.0283557518755275,0.000123417330675802,25.3169292301825
845,2,2.14304141254033,1.63938098101754,24.0063320814083,0.0492301857042623,7.21906330407466e-05,28.7767170349774
846,2,2.79896818545442,1.65429764467385,22.7078356854344,0.0380674747411044,0.000119711350037165,24.7350046882785
847,2,3.05298848941015,2.14004728221623,24.0092345306383,0.050302321978358,7.89167463865898e-05,30.8625159465942
848,2,5.59384096448811,1.90409656413863,22.275999782465,0.047254948861312,8.50815202240135e-05,28.5482507573623
849,2,2.67175537584617,1.8446717710634,27.4457099980819,0.0304180072881177,0.000120945296789208,23.9054435701089
850,2,5.46342206194811,2.3841019309322,20.7614243783127,0.0487480787147209,0.000115181469183373,20.056083159578
851,2,3.26586934988215,1.79484015094189,20.3800168112767,0.0441493786927376,8.39544263760624e-05,32.5836412113875
852,2,4.68585877448758,1.7059048020135,24.0936412193184,0.0485183687343235,9.43394897763142e-05,28.9518498311013
853,2,4.39379232194505,2.13165824514274,24.0846047472986,0.0456805194704715,0.000117936849760494,34.8835739301
854,2,5.04808922612989,2.00262836631362,24.6903645122267,0.0428156093810062,7.6847137144926e-05,31.0861282363134
855,2,4.51524110302035,1.94712458874659,25.9109730020255,0.0472014812984346,7.18718430535081e-05,27.0858567218976
856,2,5.06012236384068,1.80920532280098,24.9520276561377,0.0430659614453214,0.000128634761789461,28.8253062469985
857,2,5.66594290965916,1.79604779739287,24.4807922536982,0.0339490728631815,9.45657318409019e-05,25.3101210638588
858,2,3.94887572771215,1.79342550129959,24.3524317350186,0.0292705530911768,0.000123935816311076,22.9591681654896
859,2,4.33331618504876,2.1086254978519,26.0971105246645,0.0475570910918541,0.000123943983825572,26.2006341077736
860,2,4.82657624939947,1.38896366318141,21.0949081707566,0.0329519936140602,7.51993298890284e-05,34.0808245353988
861,2,3.61763221593698,1.41592851878961,24.1664939610134,0.0401321169715283,0.000117997041250876,33.9637067918046
862,2,2.27650949603158,2.32786155821177,23.6482273803221,0.0325048194247615,0.000127680083374159,27.2556169305735
863,2,4.39737924404201,2.26032212201032,25.0340909781088,0.0503296544442542,9.9353120796151e-05,26.1515034284213
864,2,4.28112893479134,2.38884697388074,25.4943009948751,0.0440966156047659,8.8714056949579e-05,32.1322949935894
865,2,5.64302548636702,2.40334830638077,26.4099110478676,0.0345000139981413,7.83078251274409e-05,29.9735748389275
866,2,3.86792057383412,2.76931404715205,26.9815664468003,0.034964709125443,0.000101715945276344,25.7289467022375
867,2,2.32195778861668,2.75200023881844,27.1636224586834,0.0497909968507764,7.14328963176915e-05,24.8227015503257
868,2,2.77070856334954,2.84398837258374,25.8250441909206,0.0513330346559284,7.6737090321498e-05,22.1663407554183
869,2,4.6128134154361,1.66223938130779,20.4325423895311,0.0314994773119417,0.000122527112374768,25.7264122731083
870,2,2.59393922461218,2.64476180079416,26.4157383286719,0.0516254485100985,0.000110216982001644,24.3905944270675
871,2,3.45328972156606,2.24203149654958,27.2162597415191,0.0454033364279058,9.86490978381249e-05,31.7510008966799
872,2,5.50624481621484,2.97265250031244,27.3115199917805,0.0345602352879855,8.8648218742177e-05,24.157320107143
873,2,4.27599523982463,1.86888328917156,24.3142543313806,0.0389991937995317,0.000104012808780512,24.0481396003654
874,2,4.26175355370028,1.31804662577442,21.7154751236663,0.0300507744933778,0.000103371167116667,22.1404909681226
875,2,4.97769608524044,2.58152561159487,22.8190427471532,0.0430478054495642,8.94904030543928e-05,24.4481097469875
876,2,3.51418322600611,1.39043854228234,23.217979157155,0.0362143071477751,0.000126312755786071,24.1425457830919
877,2,4.53600191322029,2.19776223846531,27.2314177492443,0.0466048809496848,0.000111924905731993,33.6495645058776
878,2,5.20279760380929,1.67437521177335,26.7635169169242,0.0360598063281241,0.000115880273660475,26.1879701786854
879,2,4.93364588361333,2.59515617678123,21.4929524482355,0.0496745160483169,7.56631999349419e-05,20.5320813291503
880,2,3.06036759777117,2.54790115207517,20.9386573465791,0.0507042790524353,9.30311747093055e-05,31.6970484799326
881,2,4.96190860066687,1.66628533591255,25.188039394275,0.0361022043649664,8.46558767454967e-05,24.4759322783309
882,2,5.89413587025681,1.34118350673032,27.6519770696199,0.0458219988911791,0.00010621082207721,23.812211629382
883,2,3.98070009944994,2.84864475448932,20.7726069951716,0.0320941072175486,0.000105602059522539,20.3408038850231
884,2,5.70703085404128,1.9756505623992,27.4424559179994,0.0469952688321474,0.000109984261410879,24.2623032009305
885,2,3.37630827818088,2.41748740228558,22.6964716278836,0.0476814017852824,0.000123331168074612,27.2123055291892
886,2,3.51061848491602,1.32448040592208,23.281298804079,0.0342248129003293,8.9977934741056e-05,24.8167988928112
887,2,4.13903321564137,2.77988973352264,24.305180744672,0.0505831385695301,8.72020626336645e-05,28.8536078455946
888,2,4.12708482751828,2.55327774663417,21.9357929933705,0.0449965974477124,8.35433859696539e-05,27.0210324334904
889,2,2.23113347127328,1.4585054516865,20.9569387057317,0.0395932760694269,8.27596086303796e-05,20.3408713216745
890,2,3.41170701908963,1.60927671675981,25.6468030712621,0.0457437484439105,8.341542553184e-05,21.7781287058527
891,2,4.9374786552877,2.26145422929781,22.2795931397912,0.0322308166272903,0.000117874145213952,26.7027608409569
892,2,5.89820482010484,2.91689464622239,23.8695815145941,0.0492592715932098,0.000127862877361926,32.3082274992118
893,2,4.05898284905256,1.8254614233296,24.1988704559045,0.0432707532246088,8.80153227887845e-05,25.2296370802518
894,2,4.05134093374202,1.54717232072834,27.0850778658622,0.0480141224824765,0.000108336192854062,34.1243727733004
895,2,5.48296608546039,1.443943686097,23.4752086395367,0.0307166096683532,0.000107561062950008,32.7483710132786
896,2,2.60547265563169,2.20192441289632,26.7474863440935,0.0459212535886865,0.000116492912653276,27.6741803922329
897,2,3.1401299921788,1.72290542355614,20.180887545173,0.0286293299305999,0.00011365615180278,25.7085813544299
898,2,3.3012266403625,2.69816201858037,27.6827635867743,0.0486080118281193,9.12785655697861e-05,21.5619882442228
899,2,5.86721421400673,2.27892368401485,22.2074371882889,0.0415153301299906,0.000101739247069147,22.461552852667
900,2,4.07239595678469,2.43717298776857,27.8479344044172,0.0473537223319942,0.000127822334605771,33.1258061923188
